<?xml version="1.0" encoding="UTF-8"?>
<psis:configDescriptor xmlns:psis="xmlbeans://console.psis/descriptors" xmlns:xsi="http://www.w3.org/2001/XMLSchema-instance" 
	xsi:schemaLocation="xmlbeans://console.psis/descriptors ../xsd/ConfigDescriptor.xsd">
  <psis:productConfig psis:targetName="Compound" psis:targetRelease="atlantis">
	<psis:servicesConfig>
	<psis:serviceConfig psis:target="MessageListenerServiceDSSCompound">
		<psis:config psis:name="Config">
			<psis:attributes>
				<psis:attribute psis:name="MessageListenerDSS">
						<psis:serviceIdNodeValue>MessageListenerServiceDSS</psis:serviceIdNodeValue>
				</psis:attribute>
				<psis:attribute psis:name="ORMService">
						<psis:serviceIdNodeValue>ORMService</psis:serviceIdNodeValue>
				</psis:attribute>
				<psis:attribute psis:name="StructuredMessageService">
						<psis:serviceIdNodeValue>StructuredMessageService</psis:serviceIdNodeValue>
				</psis:attribute>
				<psis:attribute psis:name="SchedulerService">
						<psis:serviceIdNodeValue>SchedulerService</psis:serviceIdNodeValue>
				</psis:attribute>
			</psis:attributes>		 
		</psis:config>
	</psis:serviceConfig>
	</psis:servicesConfig>
 </psis:productConfig>
</psis:configDescriptor>