<psis:configDescriptor xmlns:psis="xmlbeans://console.psis/descriptors"
    xmlns:xsi="http://www.w3.org/2001/XMLSchema-instance"
    xsi:schemaLocation="xmlbeans://console.psis/descriptors ../xsd/ConfigDescriptor.xsd">
    <psis:productConfig psis:targetName="KeyManagement" psis:targetRelease="atlantis">
        <psis:config psis:name="Config"/>
        <psis:servicesConfig>
            <psis:serviceConfig psis:target="KeyManagementService">
                <psis:config psis:name="Config">
                    <psis:attributes>
                        <psis:attribute psis:name="KeyGeneratorService">
                            <psis:serviceIdNodeValue>KeyGeneratorService</psis:serviceIdNodeValue>
                        </psis:attribute>
                        <psis:attribute psis:name="KeyStoreService">
                            <psis:serviceIdNodeValue>KeyStoreService</psis:serviceIdNodeValue>
                        </psis:attribute>
                        <psis:attribute psis:name="KeyPairGeneratorService">
                            <psis:serviceIdNodeValue>KeyPairGenerationService</psis:serviceIdNodeValue>
                        </psis:attribute>
                        <psis:attribute psis:name="ORMService">
                            <psis:serviceIdNodeValue>ORMService</psis:serviceIdNodeValue>
                        </psis:attribute>
                        <psis:attribute psis:name="TimeService">
                            <psis:serviceIdNodeValue>TimeService</psis:serviceIdNodeValue>
                        </psis:attribute>
                        <psis:attribute psis:name="MessageDigestService">
                            <psis:serviceIdNodeValue>MessageDigestService</psis:serviceIdNodeValue>
                        </psis:attribute>
                        <psis:attribute psis:name="SecureRandomService">
                            <psis:serviceIdNodeValue>SecureRandomService</psis:serviceIdNodeValue>
                        </psis:attribute>
                        <psis:attribute psis:name="AttributeNamespace">
                            <psis:stringNodeValue>_internal</psis:stringNodeValue>
                        </psis:attribute>
                        <psis:attribute psis:name="DefaultNamespace">
                            <psis:stringNodeValue>_empty</psis:stringNodeValue>
                        </psis:attribute>
                        <psis:attribute psis:name="RandomAlgorithm">
                            <psis:stringNodeValue>/Algorithms/SecureRandom/SHA1PRNG</psis:stringNodeValue>
                        </psis:attribute>
                        <psis:attribute psis:name="HashAlgorithm">
                            <psis:stringNodeValue>/Algorithms/Digest/SHA256</psis:stringNodeValue>
                        </psis:attribute>
                        <psis:attribute psis:name="KeyGeneratorAlgorithm">
                            <psis:stringNodeValue>/Algorithms/KeyGenerator/DES</psis:stringNodeValue>
                        </psis:attribute>
                        <psis:attribute psis:name="KeyPairGeneratorAlgorithm">
                            <psis:stringNodeValue>/Algorithms/KeyPairGenerator/DSA</psis:stringNodeValue>
                        </psis:attribute>
                        <psis:attribute psis:name="DefaultPeriodOfManagement">
                            <psis:stringNodeValue>400</psis:stringNodeValue>
                        </psis:attribute>
                        <psis:attribute psis:name="DefaultExportable">
                            <psis:stringNodeValue>true</psis:stringNodeValue>
                        </psis:attribute>
                    </psis:attributes>
                </psis:config>
            </psis:serviceConfig>
        </psis:servicesConfig>
    </psis:productConfig>
</psis:configDescriptor>
