<?xml version="1.0" encoding="UTF-8"?>
<!--PDFLite configuration-->
<!-- 24/05/11 Canviat el identificador del P12 de PSIS CATCert (ID-174) -->
<!-- 20/11/12 Afegit atribut DocumentValidationService (ID-330) -->
<psis:configDescriptor xmlns:psis="xmlbeans://console.psis/descriptors"
    xmlns:xsi="http://www.w3.org/2001/XMLSchema-instance"
    xsi:schemaLocation="xmlbeans://console.psis/descriptors ../xsd/ConfigDescriptor.xsd">
    <psis:productConfig psis:targetName="PDFLite" psis:targetRelease="atlantis">
        <psis:servicesConfig>
        <psis:serviceConfig psis:target="MessageListenerServiceDSSPDF">
        <psis:config psis:name="Config">
          <psis:attributes>
            <psis:attribute psis:name="SignatureBuilderService">
              <psis:serviceIdNodeValue>SignatureBuilderService</psis:serviceIdNodeValue>
            </psis:attribute>
            <psis:attribute psis:name="IdentityManagerService">
              <psis:serviceIdNodeValue>IdentityManagerService</psis:serviceIdNodeValue>
            </psis:attribute>
            <psis:attribute psis:name="ConstraintManagementService">
              <psis:serviceIdNodeValue>ConstraintManagementService</psis:serviceIdNodeValue>
            </psis:attribute>
            <psis:attribute psis:name="StructuredMessageService">
              <psis:serviceIdNodeValue>StructuredMessageService</psis:serviceIdNodeValue>
            </psis:attribute>
            <psis:attribute psis:name="KeyResolutionService">
              <psis:serviceIdNodeValue>KeyResolutionService</psis:serviceIdNodeValue>
            </psis:attribute>
			<psis:attribute psis:name="DocumentValidationService">
              <psis:serviceIdNodeValue>DocumentValidationService</psis:serviceIdNodeValue>
            </psis:attribute>
            <psis:attribute psis:name="SignatureValidationService">
              <psis:serviceIdNodeValue>SignatureValidationService</psis:serviceIdNodeValue>
            </psis:attribute>
            <psis:attribute psis:name="AuthenticationService">
              <psis:serviceIdNodeValue>AuthenticationService</psis:serviceIdNodeValue>
            </psis:attribute>
            <psis:attribute psis:name="ConstraintMatchingService">
              <psis:serviceIdNodeValue>ConstraintMatchingService</psis:serviceIdNodeValue>
            </psis:attribute>
            <psis:attribute psis:name="SigPolicyManagementService">
              <psis:serviceIdNodeValue>SigPolicyManagementService</psis:serviceIdNodeValue>
            </psis:attribute>
            <psis:attribute psis:name="SignatureCreationService">
              <psis:serviceIdNodeValue>SignatureCreationService</psis:serviceIdNodeValue>
            </psis:attribute>
            <psis:attribute psis:name="ScriptExecutionService">
              <psis:serviceIdNodeValue>ScriptExecutionService</psis:serviceIdNodeValue>
            </psis:attribute>
            <psis:attribute psis:name="BindingManagementService">
              <psis:serviceIdNodeValue>BindingManagementService</psis:serviceIdNodeValue>
            </psis:attribute>
            <psis:attribute psis:name="CertificateRegistryService">
              <psis:serviceIdNodeValue>CertificateRegistryService</psis:serviceIdNodeValue>
            </psis:attribute>
            <psis:attribute psis:name="SignatureAttributeValidationService">
              <psis:serviceIdNodeValue>SignatureAttributeValidationService</psis:serviceIdNodeValue>
            </psis:attribute>
          </psis:attributes>
          <psis:children>
            <psis:child psis:name="EngineConfiguration">
              <psis:attributes>
                <psis:attribute psis:name="requiresAuthentication">
                  <psis:stringNodeValue>false</psis:stringNodeValue>
                </psis:attribute>
                <psis:attribute psis:name="serviceEntity">
                  <psis:stringNodeValue>CN=Servei de Validacio Preproduccio,OU=Area de Tecnologia,OU=Vegeu https://www.aoc.cat/CATCert/Regulacio,O=Consorci Administraci\C3\B3 Oberta de Catalunya,C=ES</psis:stringNodeValue>
                </psis:attribute>
                <psis:attribute psis:name="engineName">
                  <psis:stringNodeValue>PDFVerifyEngine</psis:stringNodeValue>
                </psis:attribute>
                <psis:attribute psis:name="servicePolicies">
                  <psis:stringNodeValue>urn:netfocus:dss:servicepolicies:default</psis:stringNodeValue>
                </psis:attribute>
              </psis:attributes>
              <psis:children>
                <psis:child psis:name="PDFSizeLimit">
                  <psis:attributes>
                    <psis:attribute psis:name="maximumAllowedSize">
                      <psis:stringNodeValue>20971520</psis:stringNodeValue>
                    </psis:attribute>
                    <psis:attribute psis:name="enabled">
                      <psis:stringNodeValue>true</psis:stringNodeValue>
                    </psis:attribute>
                  </psis:attributes>
                </psis:child>
              </psis:children>
            </psis:child>
          </psis:children>
        </psis:config>
      </psis:serviceConfig>
        </psis:servicesConfig>
    </psis:productConfig>
</psis:configDescriptor>
