<psis:configDescriptor xmlns:psis="xmlbeans://console.psis/descriptors" 
    xmlns:xsi="http://www.w3.org/2001/XMLSchema-instance" 
    xsi:schemaLocation="xmlbeans://console.psis/descriptors ../xsd/ConfigDescriptor.xsd">
    <psis:productConfig psis:targetName="Crypto" psis:targetRelease="atlantis">
        <psis:config psis:name="Config"></psis:config>
        <psis:servicesConfig>
            <psis:serviceConfig psis:target="KeyStoreService">
                <psis:config psis:name="Config">
                    <psis:attributes>
                        <psis:attribute psis:name="ORMService">
                            <psis:serviceIdNodeValue>ORMService</psis:serviceIdNodeValue>
                        </psis:attribute>
                        <psis:attribute psis:name="TService">
                            <psis:serviceIdNodeValue>TimeService</psis:serviceIdNodeValue>
                        </psis:attribute>
                        <psis:attribute psis:name="PBEService">
                            <psis:serviceIdNodeValue>PBEService</psis:serviceIdNodeValue>
                        </psis:attribute>
                        <!-- Change me to allow hsm key loading -->
                        <psis:attribute psis:name="enableHSMSupport">
                            <psis:stringNodeValue>false</psis:stringNodeValue>
                        </psis:attribute>
                    </psis:attributes>
                </psis:config>
            </psis:serviceConfig>
            <psis:serviceConfig psis:target="KeyGeneratorService">
                <psis:config psis:name="Config">
                    <psis:attributes>
                        <psis:attribute psis:name="provider">
                            <psis:stringNodeValue>BC</psis:stringNodeValue>
                        </psis:attribute>
                        <psis:attribute psis:name="lookupMethod">
                            <psis:stringNodeValue>byName</psis:stringNodeValue>
                        </psis:attribute>
                    </psis:attributes>
                </psis:config>
            </psis:serviceConfig>
            <psis:serviceConfig psis:target="KeyGeneratorServiceHSM">
                <psis:config psis:name="Config">
                    <psis:attributes>
                        <psis:attribute psis:name="provider">
                            <psis:stringNodeValue>LunaJCAProvider</psis:stringNodeValue>
                        </psis:attribute>
                        <psis:attribute psis:name="lookupMethod">
                            <psis:stringNodeValue>byName</psis:stringNodeValue>
                        </psis:attribute>
                    </psis:attributes>
                </psis:config>
            </psis:serviceConfig>
            <psis:serviceConfig psis:target="SignatureCreatorService">
                <psis:config psis:name="Config">
                    <psis:attributes>
                        <psis:attribute psis:name="signatureService">
                            <psis:serviceIdNodeValue>SignatureService</psis:serviceIdNodeValue>
                        </psis:attribute>
                    </psis:attributes>
                </psis:config>
            </psis:serviceConfig>
            <psis:serviceConfig psis:target="SignatureCreatorServiceHSM">
                <psis:config psis:name="Config">
                    <psis:attributes>
                        <psis:attribute psis:name="signatureService">
                            <psis:serviceIdNodeValue>SignatureServiceHSM</psis:serviceIdNodeValue>
                        </psis:attribute>
                    </psis:attributes>
                </psis:config>
            </psis:serviceConfig>
            <psis:serviceConfig psis:target="AlgorithmParameterGeneratorService">
                <psis:config psis:name="Config">
                    <psis:attributes>
                        <psis:attribute psis:name="provider">
                            <psis:stringNodeValue>SunJCE</psis:stringNodeValue>
                        </psis:attribute>
                        <psis:attribute psis:name="lookupMethod">
                            <psis:stringNodeValue>byName</psis:stringNodeValue>
                        </psis:attribute>
                    </psis:attributes>
                </psis:config>
            </psis:serviceConfig>
            <psis:serviceConfig psis:target="AlgorithmParameterGeneratorServiceHSM">
                <psis:config psis:name="Config">
                    <psis:attributes>
                        <psis:attribute psis:name="provider">
                            <psis:stringNodeValue>LunaJCAProvider</psis:stringNodeValue>
                        </psis:attribute>
                        <psis:attribute psis:name="lookupMethod">
                            <psis:stringNodeValue>byName</psis:stringNodeValue>
                        </psis:attribute>
                    </psis:attributes>
                </psis:config>
            </psis:serviceConfig>
            <psis:serviceConfig psis:target="KeyPairGenerationService">
                <psis:config psis:name="Config">
                    <psis:attributes>
                        <psis:attribute psis:name="provider">
                            <psis:stringNodeValue>BC</psis:stringNodeValue>
                        </psis:attribute>
                        <psis:attribute psis:name="lookupMethod">
                            <psis:stringNodeValue>byName</psis:stringNodeValue>
                        </psis:attribute>
                    </psis:attributes>
                </psis:config>
            </psis:serviceConfig>
            <psis:serviceConfig psis:target="KeyPairGenerationServiceHSM">
                <psis:config psis:name="Config">
                    <psis:attributes>
                        <psis:attribute psis:name="provider">
                            <psis:stringNodeValue>LunaJCAProvider</psis:stringNodeValue>
                        </psis:attribute>
                        <psis:attribute psis:name="lookupMethod">
                            <psis:stringNodeValue>byName</psis:stringNodeValue>
                        </psis:attribute>
                    </psis:attributes>
                </psis:config>
            </psis:serviceConfig>
            <psis:serviceConfig psis:target="SecretKeyFactoryService">
                <psis:config psis:name="Config">
                    <psis:attributes>
                        <psis:attribute psis:name="provider">
                            <psis:stringNodeValue>SunJCE</psis:stringNodeValue>
                        </psis:attribute>
                        <psis:attribute psis:name="lookupMethod">
                            <psis:stringNodeValue>byName</psis:stringNodeValue>
                        </psis:attribute>
                    </psis:attributes>
                </psis:config>
            </psis:serviceConfig>
            <psis:serviceConfig psis:target="SecretKeyFactoryServiceHSM">
                <psis:config psis:name="Config">
                    <psis:attributes>
                        <psis:attribute psis:name="provider">
                            <psis:stringNodeValue>LunaJCAProvider</psis:stringNodeValue>
                        </psis:attribute>
                        <psis:attribute psis:name="lookupMethod">
                            <psis:stringNodeValue>byName</psis:stringNodeValue>
                        </psis:attribute>
                    </psis:attributes>
                </psis:config>
            </psis:serviceConfig>
            <psis:serviceConfig psis:target="PBEService">
                <psis:config psis:name="Config">
                    <psis:attributes>
                        <psis:attribute psis:name="SKFService">
                            <psis:serviceIdNodeValue>SecretKeyFactoryService</psis:serviceIdNodeValue>
                        </psis:attribute>
                        <psis:attribute psis:name="CPHService">
                            <psis:serviceIdNodeValue>CipherService</psis:serviceIdNodeValue>
                        </psis:attribute>
                        <psis:attribute psis:name="KFService">
                            <psis:serviceIdNodeValue>KeyFactoryService</psis:serviceIdNodeValue>
                        </psis:attribute>
                        <psis:attribute psis:name="SRService">
                            <psis:serviceIdNodeValue>SecureRandomService</psis:serviceIdNodeValue>
                        </psis:attribute>
                        <psis:attribute psis:name="cipherAlgorithm">
                            <psis:stringNodeValue>/Algorithms/Cipher/PBEWithMD5AndDES</psis:stringNodeValue>
                        </psis:attribute>
                        <psis:attribute psis:name="secretKeyFactoryAlgorithm">
                            <psis:stringNodeValue>/Algorithms/SecretKeyFactory/PBEWithMD5AndDES</psis:stringNodeValue>
                        </psis:attribute>
                        <psis:attribute psis:name="secureRandomAlgorithm">
                            <psis:stringNodeValue>/Algorithms/SecureRandom/SHA1PRNG</psis:stringNodeValue>
                        </psis:attribute>
                        <psis:attribute psis:name="KeyFactoryAlgorithmPath">
                            <psis:stringNodeValue>/Algorithms/KeyPairGenerator/</psis:stringNodeValue>
                        </psis:attribute>
                        <psis:attribute psis:name="SecretKeyFactoryAlgorithmPath">
                            <psis:stringNodeValue>/Algorithms/KeyGenerator/</psis:stringNodeValue>
                        </psis:attribute>
                        <psis:attribute psis:name="KeySaltSize">
                            <psis:stringNodeValue>8</psis:stringNodeValue>
                        </psis:attribute>
                        <psis:attribute psis:name="MinIterations">
                            <psis:stringNodeValue>20</psis:stringNodeValue>
                        </psis:attribute>
                    </psis:attributes>
                </psis:config>
            </psis:serviceConfig>
            <psis:serviceConfig psis:target="SignatureService">
                <psis:config psis:name="Config">
                    <psis:attributes>
                        <psis:attribute psis:name="provider">
                            <psis:stringNodeValue>BC</psis:stringNodeValue>
                        </psis:attribute>
                        <psis:attribute psis:name="lookupMethod">
                            <psis:stringNodeValue>byName</psis:stringNodeValue>
                        </psis:attribute>
                    </psis:attributes>
                </psis:config>
            </psis:serviceConfig>
            <psis:serviceConfig psis:target="SignatureServiceHSM">
                <psis:config psis:name="Config">
                    <psis:attributes>
                        <!-- Change me to allow hardware signatures -->
                        <psis:attribute psis:name="provider">
                            <psis:stringNodeValue>LunaJCA</psis:stringNodeValue>
                        </psis:attribute>
                        <psis:attribute psis:name="lookupMethod">
                            <psis:stringNodeValue>byName</psis:stringNodeValue>
                        </psis:attribute>
                    </psis:attributes>
                </psis:config>
            </psis:serviceConfig>
            <psis:serviceConfig psis:target="CertificateGeneratorService">
                <psis:config psis:name="Config">
                    <psis:attributes>
                        <psis:attribute psis:name="MessageDigestService">
                            <psis:serviceIdNodeValue>MessageDigestService</psis:serviceIdNodeValue>
                        </psis:attribute>
                        <psis:attribute psis:name="SubjectKeyIdentifierOID">
                            <psis:stringNodeValue>2.5.29.14</psis:stringNodeValue>
                        </psis:attribute>
                        <psis:attribute psis:name="AlgorithmPath">
                            <psis:stringNodeValue>/Algorithms/Digest/SHA256</psis:stringNodeValue>
                        </psis:attribute>
                    </psis:attributes>
                </psis:config>
            </psis:serviceConfig>
            <psis:serviceConfig psis:target="MessageDigestService">
                <psis:config psis:name="Config">
                    <psis:attributes>
                        <psis:attribute psis:name="provider">
                            <psis:stringNodeValue>BC</psis:stringNodeValue>
                        </psis:attribute>
                        <psis:attribute psis:name="lookupMethod">
                            <psis:stringNodeValue>byName</psis:stringNodeValue>
                        </psis:attribute>
                    </psis:attributes>
                </psis:config>
            </psis:serviceConfig>
            <psis:serviceConfig psis:target="SecureRandomService">
                <psis:config psis:name="Config">
                    <psis:attributes>
                        <psis:attribute psis:name="provider">
                            <psis:stringNodeValue>SUN</psis:stringNodeValue>
                        </psis:attribute>
                        <psis:attribute psis:name="lookupMethod">
                            <psis:stringNodeValue>byName</psis:stringNodeValue>
                        </psis:attribute>
                    </psis:attributes>
                </psis:config>
            </psis:serviceConfig>
            <psis:serviceConfig psis:target="CertStoreService">
                <psis:config psis:name="Config">
                    <psis:attributes>
                        <psis:attribute psis:name="provider">
                            <psis:stringNodeValue>SUN</psis:stringNodeValue>
                        </psis:attribute>
                        <psis:attribute psis:name="lookupMethod">
                            <psis:stringNodeValue>byName</psis:stringNodeValue>
                        </psis:attribute>
                    </psis:attributes>
                </psis:config>
            </psis:serviceConfig>
            <psis:serviceConfig psis:target="MessageDigesterService">
                <psis:config psis:name="Config">
                    <psis:attributes>
                        <psis:attribute psis:name="messageDigestService">
                            <psis:serviceIdNodeValue>MessageDigestService</psis:serviceIdNodeValue>
                        </psis:attribute>
                    </psis:attributes>
                </psis:config>
            </psis:serviceConfig>
            <psis:serviceConfig psis:target="CipherService">
                <psis:config psis:name="Config">
                    <psis:attributes>
                        <psis:attribute psis:name="provider">
                            <psis:stringNodeValue>SunJCE</psis:stringNodeValue>
                        </psis:attribute>
                        <psis:attribute psis:name="lookupMethod">
                            <psis:stringNodeValue>byName</psis:stringNodeValue>
                        </psis:attribute>
                    </psis:attributes>
                </psis:config>
            </psis:serviceConfig>
            <psis:serviceConfig psis:target="CRLGeneratorService">
                <psis:config psis:name="Config">
                    <psis:attributes>
                        <psis:attribute psis:name="TimeService">
                            <psis:serviceIdNodeValue>TimeService</psis:serviceIdNodeValue>
                        </psis:attribute>
                        <psis:attribute psis:name="NextUpdateIncrement">
                            <psis:stringNodeValue>86400000</psis:stringNodeValue>
                        </psis:attribute>
                    </psis:attributes>
                </psis:config>
            </psis:serviceConfig>
            <psis:serviceConfig psis:target="KeyFactoryService">
                <psis:config psis:name="Config">
                    <psis:attributes>
                        <psis:attribute psis:name="provider">
                            <psis:stringNodeValue>BC</psis:stringNodeValue>
                        </psis:attribute>
                        <psis:attribute psis:name="lookupMethod">
                            <psis:stringNodeValue>byName</psis:stringNodeValue>
                        </psis:attribute>
                    </psis:attributes>
                </psis:config>
            </psis:serviceConfig>
            <psis:serviceConfig psis:target="SignatureVerifierService">
                <psis:config psis:name="Config">
                    <psis:attributes>
                        <psis:attribute psis:name="signatureService">
                            <psis:serviceIdNodeValue>SignatureService</psis:serviceIdNodeValue>
                        </psis:attribute>
                    </psis:attributes>
                </psis:config>
            </psis:serviceConfig>
            <psis:serviceConfig psis:target="CertificateFactoryService">
                <psis:config psis:name="Config">
                    <psis:attributes>
                        <psis:attribute psis:name="provider">
                            <psis:stringNodeValue>BC</psis:stringNodeValue>
                        </psis:attribute>
                        <psis:attribute psis:name="lookupMethod">
                            <psis:stringNodeValue>byName</psis:stringNodeValue>
                        </psis:attribute>
                    </psis:attributes>
                </psis:config>
            </psis:serviceConfig>
			<psis:serviceConfig psis:target="CertificateStampRequestGeneratorService">
                <psis:config psis:name="Config">
                    <psis:attributes>
                        <psis:attribute psis:name="provider">
                            <psis:stringNodeValue>BC</psis:stringNodeValue>
                        </psis:attribute>
                    </psis:attributes>
                </psis:config>
            </psis:serviceConfig>
        </psis:servicesConfig>
    </psis:productConfig>
</psis:configDescriptor>