<?xml version="1.0" encoding="UTF-8"?>
<!--Defines Message Broker PSIS product-->
<psis:productDescriptor xmlns:psis="xmlbeans://console.psis/descriptors" 
	xmlns:xsi="http://www.w3.org/2001/XMLSchema-instance" 
	xsi:schemaLocation="xmlbeans://console.psis/descriptors ../xsd/ProductDescriptor.xsd">
  <psis:productData>
    <psis:name>MessageBroker</psis:name>
    <psis:release>atlantis</psis:release>
  </psis:productData>
	<psis:serviceDependencies>
		<!--Mandated, other dependencies depends on configured targets-->
		<psis:serviceDependency psis:type="psis.service:orm"/>
		<psis:serviceDependency psis:type="psis.service:evidencemanagement"/>		
		<psis:serviceDependency psis:type="psis.service:structuredmessage"/>		
		<psis:serviceDependency psis:type="psis.service:time"/>
		<psis:serviceDependency psis:type="psis.service:beanfactory"/>
		<psis:serviceDependency psis:type="psis.service:authentication"/>
		<psis:serviceDependency psis:type="psis.service:archival"/>    
	</psis:serviceDependencies>
	<psis:productServices>
		<psis:productService psis:binding="psis.messagebroker.atlantis:service" psis:name="MessageBrokerService"/>	
		<psis:productService psis:binding="messagelistener.atlantis.dss:service" psis:name="MessageListenerServiceDSS"/>
		<psis:productService psis:binding="messagelistener.atlantis.dss:service" psis:name="MessageListenerServiceDSSSecure"/>
		<psis:productService psis:binding="messagelistener.atlantis.sc:service" psis:name="MessageListenerServiceSC"/>
	</psis:productServices>
</psis:productDescriptor>