<?xml version="1.0" encoding="UTF-8"?>
<!--Defines Crypto PSIS product-->
<psis:productDescriptor xmlns:psis="xmlbeans://console.psis/descriptors" 
	xmlns:xsi="http://www.w3.org/2001/XMLSchema-instance" 
	xsi:schemaLocation="xmlbeans://console.psis/descriptors ../xsd/ProductDescriptor.xsd">
  <psis:productData>
    <psis:name>Crypto</psis:name>
    <psis:release>atlantis</psis:release>
  </psis:productData>
	<!--Defines Crypto service's dependencies-->
	<psis:serviceDependencies>
		<psis:serviceDependency psis:type="psis.service:orm"/>
		<psis:serviceDependency psis:type="psis.service:time"/>
	</psis:serviceDependencies>
  <psis:productServices>
	  <!--Defines psis crypto services , some are duplicated to allow HSM definition-->
	  <psis:productService psis:binding="keystore.atlantis:service" psis:name="KeyStoreService"/>
	  <psis:productService psis:binding="keygenerator.atlantis:service" psis:name="KeyGeneratorService"/>
	  <psis:productService psis:binding="keygenerator.atlantis:service" psis:name="KeyGeneratorServiceHSM"/>
	  <psis:productService psis:binding="signaturecreator.atlantis:service" psis:name="SignatureCreatorService"/>
	  <psis:productService psis:binding="signaturecreator.atlantis:service" psis:name="SignatureCreatorServiceHSM"/>
	  <psis:productService psis:binding="algorithmparametergenerator.atlantis:service" psis:name="AlgorithmParameterGeneratorService"/>
	  <psis:productService psis:binding="algorithmparametergenerator.atlantis:service" psis:name="AlgorithmParameterGeneratorServiceHSM"/>
	  <psis:productService psis:binding="keypairgenerator.atlantis:service" psis:name="KeyPairGenerationService"/>
	  <psis:productService psis:binding="keypairgenerator.atlantis:service" psis:name="KeyPairGenerationServiceHSM"/>
	  <psis:productService psis:binding="secretkeyfactory.atlantis:service" psis:name="SecretKeyFactoryService"/>
	  <psis:productService psis:binding="secretkeyfactory.atlantis:service" psis:name="SecretKeyFactoryServiceHSM"/>
	  <psis:productService psis:binding="pbe.atlantis:service" psis:name="PBEService"/>
	  <psis:productService psis:binding="signature.atlantis:service" psis:name="SignatureService"/>
	  <psis:productService psis:binding="signature.atlantis:service" psis:name="SignatureServiceHSM"/>
	  <psis:productService psis:binding="certificategenerator.atlantis:service" psis:name="CertificateGeneratorService"/>
	  <psis:productService psis:binding="messagedigest.atlantis:service" psis:name="MessageDigestService"/>
	  <psis:productService psis:binding="securerandom.atlantis:service" psis:name="SecureRandomService"/>
	  <psis:productService psis:binding="certstore.atlantis:service" psis:name="CertStoreService"/>
	  <psis:productService psis:binding="messagedigester.atlantis:service" psis:name="MessageDigesterService"/>
	  <psis:productService psis:binding="cipher.atlantis:service" psis:name="CipherService"/>
	  <psis:productService psis:binding="crlgenerator.atlantis:service" psis:name="CRLGeneratorService"/>
	  <psis:productService psis:binding="keyfactory.atlantis:service" psis:name="KeyFactoryService"/>
	  <psis:productService psis:binding="signatureverifier.atlantis:service" psis:name="SignatureVerifierService"/>
	  <psis:productService psis:binding="certificatefactory.atlantis:service" psis:name="CertificateFactoryService"/>
	  <psis:productService psis:binding="certificatestamprequestgenerator.atlantis:service" psis:name="CertificateStampRequestGeneratorService"/>
  </psis:productServices>
</psis:productDescriptor>