<?xml version="1.0" encoding="UTF-8"?>
<!--Defines CORE PSIS product-->
<psis:productDescriptor xmlns:psis="xmlbeans://console.psis/descriptors" 
	xmlns:xsi="http://www.w3.org/2001/XMLSchema-instance" 
	xsi:schemaLocation="xmlbeans://console.psis/descriptors ../xsd/ProductDescriptor.xsd">
  <psis:productData>
    <psis:name>Core</psis:name>
    <psis:release>atlantis</psis:release>
  </psis:productData>
	<!--Defines Core service's dependencies, is empty because core CAN't depend on any service-->
	<psis:productServices>
		<psis:productService psis:binding="time.atlantis:service" psis:name="TimeService"/>
		<psis:productService psis:binding="beanfactory.atlantis:service" psis:name="BeanFactoryService"/>
		<psis:productService psis:binding="orm.atlantis:service" psis:name="ORMService"/>
		<psis:productService psis:binding="nosql.atlantis:service" psis:name="NOSQLService"/>
		<psis:productService psis:binding="evidencemanagement.atlantis:service" psis:name="EvidenceManagementService"/>
		<psis:productService psis:binding="structuredmessage.atlantis:service" psis:name="StructuredMessageService"/>
		<psis:productService psis:binding="resourceresolver.atlantis:service" psis:name="ResourceResolverService"/>
		<!--Communication related services-->
		<psis:productService psis:binding="communication.proxy.atlantis:service" psis:name="ProxyCommunicationService"/>
		<psis:productService psis:binding="communication.http.atlantis:service" psis:name="HTTPCommunicationService"/>
		<psis:productService psis:binding="communication.ftp.atlantis:service" psis:name="FTPCommunicationService"/>
		<psis:productService psis:binding="communication.ntp.atlantis:service" psis:name="NTPCommunicationService"/>
	</psis:productServices>
</psis:productDescriptor>