<psis:configDescriptor xmlns:psis="xmlbeans://console.psis/descriptors"
    xmlns:xsi="http://www.w3.org/2001/XMLSchema-instance"
    xsi:schemaLocation="xmlbeans://console.psis/descriptors ../xsd/ConfigDescriptor.xsd">
    <psis:productConfig psis:targetName="IdentityManagement" psis:targetRelease="atlantis">
        <psis:config psis:name="Config"/>
        <psis:servicesConfig>
            <psis:serviceConfig psis:target="CertificateManagementService">
                <psis:config psis:name="Config">
                    <psis:attributes>
                        <psis:attribute psis:name="IdentityManagerService">
                            <psis:serviceIdNodeValue>IdentityManagerService</psis:serviceIdNodeValue>
                        </psis:attribute>
                        <psis:attribute psis:name="CertStoreService">
                            <psis:serviceIdNodeValue>CertDBStoreService</psis:serviceIdNodeValue>
                        </psis:attribute>
                        <psis:attribute psis:name="SchemaName">
                            <psis:stringNodeValue>schemaCMS</psis:stringNodeValue>
                        </psis:attribute>
                        <psis:attribute psis:name="BindingManagementService">
                            <psis:serviceIdNodeValue>BindingManagementService</psis:serviceIdNodeValue>
                        </psis:attribute>
                        <psis:attribute psis:name="DomainName">
                            <psis:stringNodeValue>domainCMS</psis:stringNodeValue>
                        </psis:attribute>
                    </psis:attributes>
                    <psis:children>
                        <psis:child psis:name="CertificateAuthority">
                            <psis:attributes>
                                <psis:attribute psis:name="default">
                                    <psis:stringNodeValue>true</psis:stringNodeValue>
                                </psis:attribute>
                                <psis:attribute psis:name="issuerName">
                                    <psis:stringNodeValue>C=ES, O=Netfocus, OU=Netfocus CA</psis:stringNodeValue>
                                </psis:attribute>
                                <!--  Not used... <psis:attribute psis:name="CertificateLifeCycleService">
                                    <psis:serviceIdNodeValue>CertificateLifeCycleService</psis:serviceIdNodeValue>
                                </psis:attribute> -->
                            </psis:attributes>
                            <psis:children>
                                <psis:child psis:name="Subject">
                                    <psis:attributes>
                                        <psis:attribute psis:name="AttributeClassName">
                                            <psis:stringNodeValue>urn:psis:cms:subject</psis:stringNodeValue>
                                        </psis:attribute>
                                    </psis:attributes>
                                </psis:child>
                                <psis:child psis:name="Extension">
                                    <psis:attributes>
                                        <psis:attribute psis:name="critical">
                                            <psis:stringNodeValue>true</psis:stringNodeValue>
                                        </psis:attribute>
                                        <psis:attribute psis:name="AttributeClassName">
                                            <psis:stringNodeValue>urn:psis:cms:keyUsage</psis:stringNodeValue>
                                        </psis:attribute>
                                        <psis:attribute psis:name="oid">
                                            <psis:stringNodeValue>2.5.29.15</psis:stringNodeValue>
                                        </psis:attribute>
                                    </psis:attributes>
                                </psis:child>
                            </psis:children>
                        </psis:child>
                    </psis:children>
                </psis:config>
            </psis:serviceConfig>
            <psis:serviceConfig psis:target="BindingManagementService">
                <psis:config psis:name="Config">
                    <psis:attributes>
                        <psis:attribute psis:name="TimeService">
                            <psis:serviceIdNodeValue>TimeService</psis:serviceIdNodeValue>
                        </psis:attribute>
                        <psis:attribute psis:name="CertStoreService">
                            <psis:serviceIdNodeValue>CertStoreService</psis:serviceIdNodeValue>
                        </psis:attribute>
                        <psis:attribute psis:name="IdentityManagerService">
                            <psis:serviceIdNodeValue>IdentityManagerService</psis:serviceIdNodeValue>
                        </psis:attribute>
                        <psis:attribute psis:name="certStoreLDAPServerPort">
                            <psis:stringNodeValue>389</psis:stringNodeValue>
                        </psis:attribute>
                        <psis:attribute psis:name="DefaultBindingRegisterStatus">
                            <psis:stringNodeValue>active</psis:stringNodeValue>
                        </psis:attribute>
                        <psis:attribute psis:name="certStoreType">
                            <psis:stringNodeValue>DATABASE</psis:stringNodeValue>
                        </psis:attribute>
                        <psis:attribute psis:name="certStoreAlgorithmName">
                            <psis:stringNodeValue>Algorithms/CertStore/LDAP</psis:stringNodeValue>
                        </psis:attribute>
                        <psis:attribute psis:name="certStoreLDAPServerName">
                            <psis:stringNodeValue>localhost</psis:stringNodeValue>
                        </psis:attribute>
                        <psis:attribute psis:name="KeyManagementService">
                            <psis:serviceIdNodeValue>KeyManagementService</psis:serviceIdNodeValue>
                        </psis:attribute>
                        <psis:attribute psis:name="NotOnOrAfterDays">
                            <psis:stringNodeValue>400</psis:stringNodeValue>
                        </psis:attribute>
                        <psis:attribute psis:name="ORMService">
                            <psis:serviceIdNodeValue>ORMService</psis:serviceIdNodeValue>
                        </psis:attribute>
                        <psis:attribute psis:name="CertificateManagementService">
                            <psis:serviceIdNodeValue>CertificateManagementService</psis:serviceIdNodeValue>
                        </psis:attribute>
                        <psis:attribute psis:name="CertDBStoreService">
                            <psis:serviceIdNodeValue>CertDBStoreService</psis:serviceIdNodeValue>
                        </psis:attribute>
                    </psis:attributes>
                </psis:config>
            </psis:serviceConfig>
            <psis:serviceConfig psis:target="IdentityManagerService">
                <psis:config psis:name="Config">
                    <psis:attributes>
                        <psis:attribute psis:name="ORMService">
                            <psis:serviceIdNodeValue>ORMService</psis:serviceIdNodeValue>
                        </psis:attribute>
                    </psis:attributes>
                    <psis:children>
                        <psis:child psis:name="Domain">
                            <psis:attributes>
                                <psis:attribute psis:name="name">
                                    <psis:stringNodeValue>serviceEntity</psis:stringNodeValue>
                                </psis:attribute>
                            </psis:attributes>
                            <psis:children>
                                <psis:child psis:name="Schema">
                                    <psis:attributes>
                                        <psis:attribute psis:name="name">
                                            <psis:stringNodeValue>X500BasedSchema</psis:stringNodeValue>
                                        </psis:attribute>
                                    </psis:attributes>
                                    <psis:children>
                                        <psis:child psis:name="SchemaEntry">
                                            <psis:attributes>
                                                <psis:attribute psis:name="attributeClassRef">
                                                  <psis:nodeRefNodeValue>X500Name</psis:nodeRefNodeValue>
                                                </psis:attribute>
                                                <psis:attribute psis:name="isKey">
                                                  <psis:stringNodeValue>true</psis:stringNodeValue>
                                                </psis:attribute>
                                            </psis:attributes>
                                            <psis:children>
                                                <psis:child psis:name="SecurityLabelRef">
                                                  <psis:attributes>
                                                  <psis:attribute psis:name="ref">
                                                  <psis:nodeRefNodeValue>serviceEntityIdentifier</psis:nodeRefNodeValue>
                                                  </psis:attribute>
                                                  </psis:attributes>
                                                </psis:child>
                                                <psis:child psis:name="SchemaEntryMetadata">
                                                  <psis:attributes>
                                                  <psis:attribute psis:name="value">
                                                  <psis:stringNodeValue>No metadata</psis:stringNodeValue>
                                                  </psis:attribute>
                                                  </psis:attributes>
                                                </psis:child>
                                            </psis:children>
                                        </psis:child>
                                    </psis:children>
                                </psis:child>
                            </psis:children>
                        </psis:child>
                        <psis:child psis:name="SecurityLabel">
                            <psis:attributes>
                                <psis:attribute psis:name="alias">
                                    <psis:stringNodeValue>serviceEntityIdentifier</psis:stringNodeValue>
                                </psis:attribute>
                            </psis:attributes>
                        </psis:child>
                        <psis:child psis:name="Format">
                            <psis:attributes>
                                <psis:attribute psis:name="alias">
                                    <psis:stringNodeValue>X500Format</psis:stringNodeValue>
                                </psis:attribute>
                                <psis:attribute psis:name="name">
                                    <psis:stringNodeValue>psis.type:X500NameFormat</psis:stringNodeValue>
                                </psis:attribute>
                            </psis:attributes>
                        </psis:child>
                        <psis:child psis:name="AttributeType">
                            <psis:attributes>
                                <psis:attribute psis:name="name">
                                    <psis:stringNodeValue>string</psis:stringNodeValue>
                                </psis:attribute>
                                <psis:attribute psis:name="alias">
                                    <psis:stringNodeValue>X500Type</psis:stringNodeValue>
                                </psis:attribute>
                            </psis:attributes>
                        </psis:child>
                        <psis:child psis:name="Domain">
                            <psis:attributes>
                                <psis:attribute psis:name="name">
                                    <psis:stringNodeValue>userEntity</psis:stringNodeValue>
                                </psis:attribute>
                            </psis:attributes>
                            <psis:children>
                                <psis:child psis:name="Schema">
                                    <psis:attributes>
                                        <psis:attribute psis:name="name">
                                            <psis:stringNodeValue>X500BasedSchema</psis:stringNodeValue>
                                        </psis:attribute>
                                    </psis:attributes>
                                    <psis:children>
                                        <psis:child psis:name="SchemaEntry">
                                            <psis:attributes>
                                                <psis:attribute psis:name="attributeClassRef">
                                                  <psis:nodeRefNodeValue>X500Name</psis:nodeRefNodeValue>
                                                </psis:attribute>
                                                <psis:attribute psis:name="isKey">
                                                  <psis:stringNodeValue>true</psis:stringNodeValue>
                                                </psis:attribute>
                                            </psis:attributes>
                                            <psis:children>
                                                <psis:child psis:name="SecurityLabelRef">
                                                  <psis:attributes>
                                                  <psis:attribute psis:name="ref">
                                                  <psis:nodeRefNodeValue>userEntityIdentifier</psis:nodeRefNodeValue>
                                                  </psis:attribute>
                                                  </psis:attributes>
                                                </psis:child>
                                                <psis:child psis:name="SchemaEntryMetadata">
                                                  <psis:attributes>
                                                  <psis:attribute psis:name="value">
                                                  <psis:stringNodeValue>No metadata</psis:stringNodeValue>
                                                  </psis:attribute>
                                                  </psis:attributes>
                                                </psis:child>
                                            </psis:children>
                                        </psis:child>
                                    </psis:children>
                                </psis:child>
                            </psis:children>
                        </psis:child>
                        <psis:child psis:name="SecurityLabel">
                            <psis:attributes>
                                <psis:attribute psis:name="alias">
                                    <psis:stringNodeValue>userEntityIdentifier</psis:stringNodeValue>
                                </psis:attribute>
                            </psis:attributes>
                        </psis:child>
                        <psis:child psis:name="Domain">
                            <psis:attributes>
                                <psis:attribute psis:name="name">
                                    <psis:stringNodeValue>domainCMS</psis:stringNodeValue>
                                </psis:attribute>
                            </psis:attributes>
                            <psis:children>
                                <psis:child psis:name="Schema">
                                    <psis:attributes>
                                        <psis:attribute psis:name="name">
                                            <psis:stringNodeValue>schemaCMS</psis:stringNodeValue>
                                        </psis:attribute>
                                    </psis:attributes>
                                    <psis:children>
                                        <psis:child psis:name="SchemaEntry">
                                            <psis:attributes>
                                                <psis:attribute psis:name="attributeClassRef">
                                                  <psis:nodeRefNodeValue>attrClass15</psis:nodeRefNodeValue>
                                                </psis:attribute>
                                                <psis:attribute psis:name="isKey">
                                                  <psis:stringNodeValue>true</psis:stringNodeValue>
                                                </psis:attribute>
                                            </psis:attributes>
                                            <psis:children>
                                                <psis:child psis:name="SecurityLabelRef">
                                                  <psis:attributes>
                                                  <psis:attribute psis:name="ref">
                                                  <psis:nodeRefNodeValue>securLabel1</psis:nodeRefNodeValue>
                                                  </psis:attribute>
                                                  </psis:attributes>
                                                </psis:child>
                                                <psis:child psis:name="SchemaEntryMetadata">
                                                  <psis:attributes>
                                                  <psis:attribute psis:name="value">
                                                  <psis:stringNodeValue>metadata1</psis:stringNodeValue>
                                                  </psis:attribute>
                                                  </psis:attributes>
                                                </psis:child>
                                                <psis:child psis:name="SchemaEntryMetadata">
                                                  <psis:attributes>
                                                  <psis:attribute psis:name="value">
                                                  <psis:stringNodeValue>metadata2</psis:stringNodeValue>
                                                  </psis:attribute>
                                                  </psis:attributes>
                                                </psis:child>
                                            </psis:children>
                                        </psis:child>
                                        <psis:child psis:name="SchemaEntry">
                                            <psis:attributes>
                                                <psis:attribute psis:name="isKey">
                                                  <psis:stringNodeValue>true</psis:stringNodeValue>
                                                </psis:attribute>
                                                <psis:attribute psis:name="attributeClassRef">
                                                  <psis:nodeRefNodeValue>attrClass16</psis:nodeRefNodeValue>
                                                </psis:attribute>
                                            </psis:attributes>
                                            <psis:children>
                                                <psis:child psis:name="SecurityLabelRef">
                                                  <psis:attributes>
                                                  <psis:attribute psis:name="ref">
                                                  <psis:nodeRefNodeValue>securLabel1</psis:nodeRefNodeValue>
                                                  </psis:attribute>
                                                  </psis:attributes>
                                                </psis:child>
                                                <psis:child psis:name="SchemaEntryMetadata">
                                                  <psis:attributes>
                                                  <psis:attribute psis:name="value">
                                                  <psis:stringNodeValue>metadata1</psis:stringNodeValue>
                                                  </psis:attribute>
                                                  </psis:attributes>
                                                </psis:child>
                                                <psis:child psis:name="SchemaEntryMetadata">
                                                  <psis:attributes>
                                                  <psis:attribute psis:name="value">
                                                  <psis:stringNodeValue>metadata2</psis:stringNodeValue>
                                                  </psis:attribute>
                                                  </psis:attributes>
                                                </psis:child>
                                            </psis:children>
                                        </psis:child>
                                    </psis:children>
                                </psis:child>
                            </psis:children>
                        </psis:child>
                        <psis:child psis:name="Domain">
                            <psis:attributes>
                                <psis:attribute psis:name="name">
                                    <psis:stringNodeValue>domainExample</psis:stringNodeValue>
                                </psis:attribute>
                            </psis:attributes>
                            <psis:children>
                                <psis:child psis:name="Schema">
                                    <psis:attributes>
                                        <psis:attribute psis:name="name">
                                            <psis:stringNodeValue>schemaExample</psis:stringNodeValue>
                                        </psis:attribute>
                                    </psis:attributes>
                                    <psis:children>
                                        <psis:child psis:name="SchemaEntry">
                                            <psis:attributes>
                                                <psis:attribute psis:name="isKey">
                                                  <psis:stringNodeValue>true</psis:stringNodeValue>
                                                </psis:attribute>
                                                <psis:attribute psis:name="attributeClassRef">
                                                  <psis:nodeRefNodeValue>attrClass1</psis:nodeRefNodeValue>
                                                </psis:attribute>
                                            </psis:attributes>
                                            <psis:children>
                                                <psis:child psis:name="SecurityLabelRef">
                                                  <psis:attributes>
                                                  <psis:attribute psis:name="ref">
                                                  <psis:nodeRefNodeValue>securLabel1</psis:nodeRefNodeValue>
                                                  </psis:attribute>
                                                  </psis:attributes>
                                                </psis:child>
                                                <psis:child psis:name="SchemaEntryMetadata">
                                                  <psis:attributes>
                                                  <psis:attribute psis:name="value">
                                                  <psis:stringNodeValue>metadata1</psis:stringNodeValue>
                                                  </psis:attribute>
                                                  </psis:attributes>
                                                </psis:child>
                                                <psis:child psis:name="SchemaEntryMetadata">
                                                  <psis:attributes>
                                                  <psis:attribute psis:name="value">
                                                  <psis:stringNodeValue>metadata2</psis:stringNodeValue>
                                                  </psis:attribute>
                                                  </psis:attributes>
                                                </psis:child>
                                            </psis:children>
                                        </psis:child>
                                        <psis:child psis:name="SchemaEntry">
                                            <psis:attributes>
                                                <psis:attribute psis:name="attributeClassRef">
                                                  <psis:nodeRefNodeValue>attrClass2</psis:nodeRefNodeValue>
                                                </psis:attribute>
                                            </psis:attributes>
                                            <psis:children>
                                                <psis:child psis:name="SecurityLabelRef">
                                                  <psis:attributes>
                                                  <psis:attribute psis:name="ref">
                                                  <psis:nodeRefNodeValue>securLabel1</psis:nodeRefNodeValue>
                                                  </psis:attribute>
                                                  </psis:attributes>
                                                </psis:child>
                                                <psis:child psis:name="SchemaEntryMetadata">
                                                  <psis:attributes>
                                                  <psis:attribute psis:name="value">
                                                  <psis:stringNodeValue>metadata1</psis:stringNodeValue>
                                                  </psis:attribute>
                                                  </psis:attributes>
                                                </psis:child>
                                                <psis:child psis:name="SchemaEntryMetadata">
                                                  <psis:attributes>
                                                  <psis:attribute psis:name="value">
                                                  <psis:stringNodeValue>metadata2</psis:stringNodeValue>
                                                  </psis:attribute>
                                                  </psis:attributes>
                                                </psis:child>
                                            </psis:children>
                                        </psis:child>
                                        <psis:child psis:name="SchemaEntry">
                                            <psis:attributes>
                                                <psis:attribute psis:name="attributeClassRef">
                                                  <psis:nodeRefNodeValue>attrClass3</psis:nodeRefNodeValue>
                                                </psis:attribute>
                                            </psis:attributes>
                                            <psis:children>
                                                <psis:child psis:name="SecurityLabelRef">
                                                  <psis:attributes>
                                                  <psis:attribute psis:name="ref">
                                                  <psis:nodeRefNodeValue>securLabel1</psis:nodeRefNodeValue>
                                                  </psis:attribute>
                                                  </psis:attributes>
                                                </psis:child>
                                                <psis:child psis:name="SchemaEntryMetadata">
                                                  <psis:attributes>
                                                  <psis:attribute psis:name="value">
                                                  <psis:stringNodeValue>metadata1</psis:stringNodeValue>
                                                  </psis:attribute>
                                                  </psis:attributes>
                                                </psis:child>
                                                <psis:child psis:name="SchemaEntryMetadata">
                                                  <psis:attributes>
                                                  <psis:attribute psis:name="value">
                                                  <psis:stringNodeValue>metadata2</psis:stringNodeValue>
                                                  </psis:attribute>
                                                  </psis:attributes>
                                                </psis:child>
                                            </psis:children>
                                        </psis:child>
                                        <psis:child psis:name="SchemaEntry">
                                            <psis:attributes>
                                                <psis:attribute psis:name="attributeClassRef">
                                                  <psis:nodeRefNodeValue>attrClass4</psis:nodeRefNodeValue>
                                                </psis:attribute>
                                            </psis:attributes>
                                            <psis:children>
                                                <psis:child psis:name="SecurityLabelRef">
                                                  <psis:attributes>
                                                  <psis:attribute psis:name="ref">
                                                  <psis:nodeRefNodeValue>securLabel1</psis:nodeRefNodeValue>
                                                  </psis:attribute>
                                                  </psis:attributes>
                                                </psis:child>
                                                <psis:child psis:name="SchemaEntryMetadata">
                                                  <psis:attributes>
                                                  <psis:attribute psis:name="value">
                                                  <psis:stringNodeValue>metadata1</psis:stringNodeValue>
                                                  </psis:attribute>
                                                  </psis:attributes>
                                                </psis:child>
                                                <psis:child psis:name="SchemaEntryMetadata">
                                                  <psis:attributes>
                                                  <psis:attribute psis:name="value">
                                                  <psis:stringNodeValue>metadata2</psis:stringNodeValue>
                                                  </psis:attribute>
                                                  </psis:attributes>
                                                </psis:child>
                                            </psis:children>
                                        </psis:child>
                                        <psis:child psis:name="SchemaEntry">
                                            <psis:attributes>
                                                <psis:attribute psis:name="attributeClassRef">
                                                  <psis:nodeRefNodeValue>attrClass4</psis:nodeRefNodeValue>
                                                </psis:attribute>
                                            </psis:attributes>
                                            <psis:children>
                                                <psis:child psis:name="SecurityLabelRef">
                                                  <psis:attributes>
                                                  <psis:attribute psis:name="ref">
                                                  <psis:nodeRefNodeValue>securLabel1</psis:nodeRefNodeValue>
                                                  </psis:attribute>
                                                  </psis:attributes>
                                                </psis:child>
                                                <psis:child psis:name="SchemaEntryMetadata">
                                                  <psis:attributes>
                                                  <psis:attribute psis:name="value">
                                                  <psis:stringNodeValue>metadata1</psis:stringNodeValue>
                                                  </psis:attribute>
                                                  </psis:attributes>
                                                </psis:child>
                                                <psis:child psis:name="SchemaEntryMetadata">
                                                  <psis:attributes>
                                                  <psis:attribute psis:name="value">
                                                  <psis:stringNodeValue>metadata2</psis:stringNodeValue>
                                                  </psis:attribute>
                                                  </psis:attributes>
                                                </psis:child>
                                            </psis:children>
                                        </psis:child>
                                        <psis:child psis:name="SchemaEntry">
                                            <psis:attributes>
                                                <psis:attribute psis:name="attributeClassRef">
                                                  <psis:nodeRefNodeValue>attrClass5</psis:nodeRefNodeValue>
                                                </psis:attribute>
                                            </psis:attributes>
                                            <psis:children>
                                                <psis:child psis:name="SecurityLabelRef">
                                                  <psis:attributes>
                                                  <psis:attribute psis:name="ref">
                                                  <psis:nodeRefNodeValue>securLabel1</psis:nodeRefNodeValue>
                                                  </psis:attribute>
                                                  </psis:attributes>
                                                </psis:child>
                                                <psis:child psis:name="SchemaEntryMetadata">
                                                  <psis:attributes>
                                                  <psis:attribute psis:name="value">
                                                  <psis:stringNodeValue>metadata1</psis:stringNodeValue>
                                                  </psis:attribute>
                                                  </psis:attributes>
                                                </psis:child>
                                                <psis:child psis:name="SchemaEntryMetadata">
                                                  <psis:attributes>
                                                  <psis:attribute psis:name="value">
                                                  <psis:stringNodeValue>metadata2</psis:stringNodeValue>
                                                  </psis:attribute>
                                                  </psis:attributes>
                                                </psis:child>
                                            </psis:children>
                                        </psis:child>
                                        <psis:child psis:name="SchemaEntry">
                                            <psis:attributes>
                                                <psis:attribute psis:name="attributeClassRef">
                                                  <psis:nodeRefNodeValue>attrClass6</psis:nodeRefNodeValue>
                                                </psis:attribute>
                                            </psis:attributes>
                                            <psis:children>
                                                <psis:child psis:name="SecurityLabelRef">
                                                  <psis:attributes>
                                                  <psis:attribute psis:name="ref">
                                                  <psis:nodeRefNodeValue>securLabel1</psis:nodeRefNodeValue>
                                                  </psis:attribute>
                                                  </psis:attributes>
                                                </psis:child>
                                                <psis:child psis:name="SchemaEntryMetadata">
                                                  <psis:attributes>
                                                  <psis:attribute psis:name="value">
                                                  <psis:stringNodeValue>metadata1</psis:stringNodeValue>
                                                  </psis:attribute>
                                                  </psis:attributes>
                                                </psis:child>
                                            </psis:children>
                                        </psis:child>
                                        <psis:child psis:name="SchemaEntry">
                                            <psis:attributes>
                                                <psis:attribute psis:name="attributeClassRef">
                                                  <psis:nodeRefNodeValue>attrClass7</psis:nodeRefNodeValue>
                                                </psis:attribute>
                                            </psis:attributes>
                                            <psis:children>
                                                <psis:child psis:name="SecurityLabelRef">
                                                  <psis:attributes>
                                                  <psis:attribute psis:name="ref">
                                                  <psis:nodeRefNodeValue>securLabel1</psis:nodeRefNodeValue>
                                                  </psis:attribute>
                                                  </psis:attributes>
                                                </psis:child>
                                                <psis:child psis:name="SchemaEntryMetadata">
                                                  <psis:attributes>
                                                  <psis:attribute psis:name="value">
                                                  <psis:stringNodeValue>metadata1</psis:stringNodeValue>
                                                  </psis:attribute>
                                                  </psis:attributes>
                                                </psis:child>
                                                <psis:child psis:name="SchemaEntryMetadata">
                                                  <psis:attributes>
                                                  <psis:attribute psis:name="value">
                                                  <psis:stringNodeValue>metadata2</psis:stringNodeValue>
                                                  </psis:attribute>
                                                  </psis:attributes>
                                                </psis:child>
                                            </psis:children>
                                        </psis:child>
                                        <psis:child psis:name="SchemaEntry">
                                            <psis:attributes>
                                                <psis:attribute psis:name="attributeClassRef">
                                                  <psis:nodeRefNodeValue>attrClass8</psis:nodeRefNodeValue>
                                                </psis:attribute>
                                            </psis:attributes>
                                            <psis:children>
                                                <psis:child psis:name="SecurityLabelRef">
                                                  <psis:attributes>
                                                  <psis:attribute psis:name="ref">
                                                  <psis:nodeRefNodeValue>securLabel1</psis:nodeRefNodeValue>
                                                  </psis:attribute>
                                                  </psis:attributes>
                                                </psis:child>
                                                <psis:child psis:name="SchemaEntryMetadata">
                                                  <psis:attributes>
                                                  <psis:attribute psis:name="value">
                                                  <psis:stringNodeValue>metadata1</psis:stringNodeValue>
                                                  </psis:attribute>
                                                  </psis:attributes>
                                                </psis:child>
                                            </psis:children>
                                        </psis:child>
                                        <psis:child psis:name="SchemaEntry">
                                            <psis:attributes>
                                                <psis:attribute psis:name="attributeClassRef">
                                                  <psis:nodeRefNodeValue>attrClass9</psis:nodeRefNodeValue>
                                                </psis:attribute>
                                            </psis:attributes>
                                            <psis:children>
                                                <psis:child psis:name="SecurityLabelRef">
                                                  <psis:attributes>
                                                  <psis:attribute psis:name="ref">
                                                  <psis:nodeRefNodeValue>securLabel1</psis:nodeRefNodeValue>
                                                  </psis:attribute>
                                                  </psis:attributes>
                                                </psis:child>
                                                <psis:child psis:name="SchemaEntryMetadata">
                                                  <psis:attributes>
                                                  <psis:attribute psis:name="value">
                                                  <psis:stringNodeValue>metadata1</psis:stringNodeValue>
                                                  </psis:attribute>
                                                  </psis:attributes>
                                                </psis:child>
                                            </psis:children>
                                        </psis:child>
                                        <psis:child psis:name="SchemaEntry">
                                            <psis:attributes>
                                                <psis:attribute psis:name="attributeClassRef">
                                                  <psis:nodeRefNodeValue>attrClass10</psis:nodeRefNodeValue>
                                                </psis:attribute>
                                            </psis:attributes>
                                            <psis:children>
                                                <psis:child psis:name="SecurityLabelRef">
                                                  <psis:attributes>
                                                  <psis:attribute psis:name="ref">
                                                  <psis:nodeRefNodeValue>securLabel1</psis:nodeRefNodeValue>
                                                  </psis:attribute>
                                                  </psis:attributes>
                                                </psis:child>
                                                <psis:child psis:name="SchemaEntryMetadata">
                                                  <psis:attributes>
                                                  <psis:attribute psis:name="value">
                                                  <psis:stringNodeValue>metadata1</psis:stringNodeValue>
                                                  </psis:attribute>
                                                  </psis:attributes>
                                                </psis:child>
                                            </psis:children>
                                        </psis:child>
                                        <psis:child psis:name="SchemaEntry">
                                            <psis:attributes>
                                                <psis:attribute psis:name="attributeClassRef">
                                                  <psis:nodeRefNodeValue>attrClass11</psis:nodeRefNodeValue>
                                                </psis:attribute>
                                            </psis:attributes>
                                            <psis:children>
                                                <psis:child psis:name="SecurityLabelRef">
                                                  <psis:attributes>
                                                  <psis:attribute psis:name="ref">
                                                  <psis:nodeRefNodeValue>securLabel1</psis:nodeRefNodeValue>
                                                  </psis:attribute>
                                                  </psis:attributes>
                                                </psis:child>
                                                <psis:child psis:name="SchemaEntryMetadata">
                                                  <psis:attributes>
                                                  <psis:attribute psis:name="value">
                                                  <psis:stringNodeValue>metadata1</psis:stringNodeValue>
                                                  </psis:attribute>
                                                  </psis:attributes>
                                                </psis:child>
                                            </psis:children>
                                        </psis:child>
                                        <psis:child psis:name="SchemaEntry">
                                            <psis:attributes>
                                                <psis:attribute psis:name="attributeClassRef">
                                                  <psis:nodeRefNodeValue>attrClass12</psis:nodeRefNodeValue>
                                                </psis:attribute>
                                            </psis:attributes>
                                            <psis:children>
                                                <psis:child psis:name="SecurityLabelRef">
                                                  <psis:attributes>
                                                  <psis:attribute psis:name="ref">
                                                  <psis:nodeRefNodeValue>securLabel1</psis:nodeRefNodeValue>
                                                  </psis:attribute>
                                                  </psis:attributes>
                                                </psis:child>
                                                <psis:child psis:name="SchemaEntryMetadata">
                                                  <psis:attributes>
                                                  <psis:attribute psis:name="value">
                                                  <psis:stringNodeValue>metadata1</psis:stringNodeValue>
                                                  </psis:attribute>
                                                  </psis:attributes>
                                                </psis:child>
                                            </psis:children>
                                        </psis:child>
                                        <psis:child psis:name="SchemaEntry">
                                            <psis:attributes>
                                                <psis:attribute psis:name="attributeClassRef">
                                                  <psis:nodeRefNodeValue>attrClass13</psis:nodeRefNodeValue>
                                                </psis:attribute>
                                            </psis:attributes>
                                            <psis:children>
                                                <psis:child psis:name="SecurityLabelRef">
                                                  <psis:attributes>
                                                  <psis:attribute psis:name="ref">
                                                  <psis:nodeRefNodeValue>securLabel1</psis:nodeRefNodeValue>
                                                  </psis:attribute>
                                                  </psis:attributes>
                                                </psis:child>
                                                <psis:child psis:name="SchemaEntryMetadata">
                                                  <psis:attributes>
                                                  <psis:attribute psis:name="value">
                                                  <psis:stringNodeValue>metadata1</psis:stringNodeValue>
                                                  </psis:attribute>
                                                  </psis:attributes>
                                                </psis:child>
                                            </psis:children>
                                        </psis:child>
                                        <psis:child psis:name="SchemaEntry">
                                            <psis:attributes>
                                                <psis:attribute psis:name="attributeClassRef">
                                                  <psis:nodeRefNodeValue>attrClass14</psis:nodeRefNodeValue>
                                                </psis:attribute>
                                                <psis:attribute psis:name="isKey">
                                                  <psis:stringNodeValue>true</psis:stringNodeValue>
                                                </psis:attribute>
                                            </psis:attributes>
                                            <psis:children>
                                                <psis:child psis:name="SecurityLabelRef">
                                                  <psis:attributes>
                                                  <psis:attribute psis:name="ref">
                                                  <psis:nodeRefNodeValue>securLabel1</psis:nodeRefNodeValue>
                                                  </psis:attribute>
                                                  </psis:attributes>
                                                </psis:child>
                                                <psis:child psis:name="SchemaEntryMetadata">
                                                  <psis:attributes>
                                                  <psis:attribute psis:name="value">
                                                  <psis:stringNodeValue>metadata1</psis:stringNodeValue>
                                                  </psis:attribute>
                                                  </psis:attributes>
                                                </psis:child>
                                            </psis:children>
                                        </psis:child>
                                    </psis:children>
                                </psis:child>
                            </psis:children>
                        </psis:child>
                        <psis:child psis:name="Qualifier">
                            <psis:attributes>
                                <psis:attribute psis:name="identifier">
                                    <psis:stringNodeValue>default</psis:stringNodeValue>
                                </psis:attribute>
                            </psis:attributes>
                            <psis:children>
                                <psis:child psis:name="QualifierEntryRef">
                                    <psis:attributes>
                                        <psis:attribute psis:name="ref">
                                            <psis:nodeRefNodeValue>qualifEntry1</psis:nodeRefNodeValue>
                                        </psis:attribute>
                                    </psis:attributes>
                                </psis:child>
                                <psis:child psis:name="AttributeClass">
                                    <psis:attributes>
                                        <psis:attribute psis:name="formatRef">
                                            <psis:nodeRefNodeValue>X500Format</psis:nodeRefNodeValue>
                                        </psis:attribute>
                                        <psis:attribute psis:name="name">
                                            <psis:stringNodeValue>X500Name</psis:stringNodeValue>
                                        </psis:attribute>
                                        <psis:attribute psis:name="alias">
                                            <psis:stringNodeValue>X500Name</psis:stringNodeValue>
                                        </psis:attribute>
                                        <psis:attribute psis:name="attributeTypeRef">
                                            <psis:nodeRefNodeValue>X500Type</psis:nodeRefNodeValue>
                                        </psis:attribute>
                                    </psis:attributes>
                                </psis:child>
                                <psis:child psis:name="AttributeClass">
                                    <psis:attributes>
                                        <psis:attribute psis:name="attributeTypeRef">
                                            <psis:nodeRefNodeValue>attrType1</psis:nodeRefNodeValue>
                                        </psis:attribute>
                                        <psis:attribute psis:name="name">
                                            <psis:stringNodeValue>urn:oasis:names:tc:SAML:2.0:profiles:attribute:PSIS:realm</psis:stringNodeValue>
                                        </psis:attribute>
                                        <psis:attribute psis:name="alias">
                                            <psis:stringNodeValue>attrClass1</psis:stringNodeValue>
                                        </psis:attribute>
                                        <psis:attribute psis:name="formatRef">
                                            <psis:nodeRefNodeValue>format1</psis:nodeRefNodeValue>
                                        </psis:attribute>
                                    </psis:attributes>
                                </psis:child>
                                <psis:child psis:name="AttributeClass">
                                    <psis:attributes>
                                        <psis:attribute psis:name="attributeTypeRef">
                                            <psis:nodeRefNodeValue>attrType1</psis:nodeRefNodeValue>
                                        </psis:attribute>
                                        <psis:attribute psis:name="name">
                                            <psis:stringNodeValue>urn:oasis:names:tc:SAML:2.0:profiles:attribute:PSIS:principal</psis:stringNodeValue>
                                        </psis:attribute>
                                        <psis:attribute psis:name="alias">
                                            <psis:stringNodeValue>attrClass2</psis:stringNodeValue>
                                        </psis:attribute>
                                        <psis:attribute psis:name="formatRef">
                                            <psis:nodeRefNodeValue>format1</psis:nodeRefNodeValue>
                                        </psis:attribute>
                                    </psis:attributes>
                                </psis:child>
                                <psis:child psis:name="AttributeClass">
                                    <psis:attributes>
                                        <psis:attribute psis:name="formatRef">
                                            <psis:nodeRefNodeValue>format1</psis:nodeRefNodeValue>
                                        </psis:attribute>
                                        <psis:attribute psis:name="alias">
                                            <psis:stringNodeValue>attrClass3</psis:stringNodeValue>
                                        </psis:attribute>
                                        <psis:attribute psis:name="attributeTypeRef">
                                            <psis:nodeRefNodeValue>attrType1</psis:nodeRefNodeValue>
                                        </psis:attribute>
                                        <psis:attribute psis:name="name">
                                            <psis:stringNodeValue>urn:oasis:names:tc:SAML:2.0:profiles:attribute:PSIS:subject</psis:stringNodeValue>
                                        </psis:attribute>
                                    </psis:attributes>
                                </psis:child>
                                <psis:child psis:name="AttributeClass">
                                    <psis:attributes>
                                        <psis:attribute psis:name="name">
                                            <psis:stringNodeValue>urn:oasis:names:tc:SAML:2.0:profiles:attribute:PSIS:authority</psis:stringNodeValue>
                                        </psis:attribute>
                                        <psis:attribute psis:name="formatRef">
                                            <psis:nodeRefNodeValue>format1</psis:nodeRefNodeValue>
                                        </psis:attribute>
                                        <psis:attribute psis:name="alias">
                                            <psis:stringNodeValue>attrClass4</psis:stringNodeValue>
                                        </psis:attribute>
                                        <psis:attribute psis:name="attributeTypeRef">
                                            <psis:nodeRefNodeValue>attrType1</psis:nodeRefNodeValue>
                                        </psis:attribute>
                                    </psis:attributes>
                                </psis:child>
                                <psis:child psis:name="AttributeClass">
                                    <psis:attributes>
                                        <psis:attribute psis:name="alias">
                                            <psis:stringNodeValue>attrClass5</psis:stringNodeValue>
                                        </psis:attribute>
                                        <psis:attribute psis:name="formatRef">
                                            <psis:nodeRefNodeValue>format1</psis:nodeRefNodeValue>
                                        </psis:attribute>
                                        <psis:attribute psis:name="name">
                                            <psis:stringNodeValue>XKMS</psis:stringNodeValue>
                                        </psis:attribute>
                                        <psis:attribute psis:name="attributeTypeRef">
                                            <psis:nodeRefNodeValue>attrType1</psis:nodeRefNodeValue>
                                        </psis:attribute>
                                    </psis:attributes>
                                </psis:child>
                                <psis:child psis:name="AttributeClass">
                                    <psis:attributes>
                                        <psis:attribute psis:name="attributeTypeRef">
                                            <psis:nodeRefNodeValue>attrType1</psis:nodeRefNodeValue>
                                        </psis:attribute>
                                        <psis:attribute psis:name="formatRef">
                                            <psis:nodeRefNodeValue>format1</psis:nodeRefNodeValue>
                                        </psis:attribute>
                                        <psis:attribute psis:name="alias">
                                            <psis:stringNodeValue>attrClass6</psis:stringNodeValue>
                                        </psis:attribute>
                                        <psis:attribute psis:name="name">
                                            <psis:stringNodeValue>XKMSprofile</psis:stringNodeValue>
                                        </psis:attribute>
                                    </psis:attributes>
                                </psis:child>
                                <psis:child psis:name="AttributeClass">
                                    <psis:attributes>
                                        <psis:attribute psis:name="formatRef">
                                            <psis:nodeRefNodeValue>format1</psis:nodeRefNodeValue>
                                        </psis:attribute>
                                        <psis:attribute psis:name="attributeTypeRef">
                                            <psis:nodeRefNodeValue>attrType1</psis:nodeRefNodeValue>
                                        </psis:attribute>
                                        <psis:attribute psis:name="name">
                                            <psis:stringNodeValue>SMIME</psis:stringNodeValue>
                                        </psis:attribute>
                                        <psis:attribute psis:name="alias">
                                            <psis:stringNodeValue>attrClass7</psis:stringNodeValue>
                                        </psis:attribute>
                                    </psis:attributes>
                                </psis:child>
                                <psis:child psis:name="AttributeClass">
                                    <psis:attributes>
                                        <psis:attribute psis:name="formatRef">
                                            <psis:nodeRefNodeValue>format1</psis:nodeRefNodeValue>
                                        </psis:attribute>
                                        <psis:attribute psis:name="name">
                                            <psis:stringNodeValue>PGP</psis:stringNodeValue>
                                        </psis:attribute>
                                        <psis:attribute psis:name="attributeTypeRef">
                                            <psis:nodeRefNodeValue>attrType1</psis:nodeRefNodeValue>
                                        </psis:attribute>
                                        <psis:attribute psis:name="alias">
                                            <psis:stringNodeValue>attrClass8</psis:stringNodeValue>
                                        </psis:attribute>
                                    </psis:attributes>
                                </psis:child>
                                <psis:child psis:name="AttributeClass">
                                    <psis:attributes>
                                        <psis:attribute psis:name="formatRef">
                                            <psis:nodeRefNodeValue>format1</psis:nodeRefNodeValue>
                                        </psis:attribute>
                                        <psis:attribute psis:name="attributeTypeRef">
                                            <psis:nodeRefNodeValue>attrType1</psis:nodeRefNodeValue>
                                        </psis:attribute>
                                        <psis:attribute psis:name="alias">
                                            <psis:stringNodeValue>attrClass9</psis:stringNodeValue>
                                        </psis:attribute>
                                        <psis:attribute psis:name="name">
                                            <psis:stringNodeValue>TLS</psis:stringNodeValue>
                                        </psis:attribute>
                                    </psis:attributes>
                                </psis:child>
                                <psis:child psis:name="AttributeClass">
                                    <psis:attributes>
                                        <psis:attribute psis:name="name">
                                            <psis:stringNodeValue>TLSwithHTTPS</psis:stringNodeValue>
                                        </psis:attribute>
                                        <psis:attribute psis:name="alias">
                                            <psis:stringNodeValue>attrClass10</psis:stringNodeValue>
                                        </psis:attribute>
                                        <psis:attribute psis:name="formatRef">
                                            <psis:nodeRefNodeValue>format1</psis:nodeRefNodeValue>
                                        </psis:attribute>
                                        <psis:attribute psis:name="attributeTypeRef">
                                            <psis:nodeRefNodeValue>attrType1</psis:nodeRefNodeValue>
                                        </psis:attribute>
                                    </psis:attributes>
                                </psis:child>
                                <psis:child psis:name="AttributeClass">
                                    <psis:attributes>
                                        <psis:attribute psis:name="name">
                                            <psis:stringNodeValue>TLSwithSMTP</psis:stringNodeValue>
                                        </psis:attribute>
                                        <psis:attribute psis:name="attributeTypeRef">
                                            <psis:nodeRefNodeValue>attrType1</psis:nodeRefNodeValue>
                                        </psis:attribute>
                                        <psis:attribute psis:name="formatRef">
                                            <psis:nodeRefNodeValue>format1</psis:nodeRefNodeValue>
                                        </psis:attribute>
                                        <psis:attribute psis:name="alias">
                                            <psis:stringNodeValue>attrClass11</psis:stringNodeValue>
                                        </psis:attribute>
                                    </psis:attributes>
                                </psis:child>
                                <psis:child psis:name="AttributeClass">
                                    <psis:attributes>
                                        <psis:attribute psis:name="name">
                                            <psis:stringNodeValue>IPSEC</psis:stringNodeValue>
                                        </psis:attribute>
                                        <psis:attribute psis:name="formatRef">
                                            <psis:nodeRefNodeValue>format1</psis:nodeRefNodeValue>
                                        </psis:attribute>
                                        <psis:attribute psis:name="alias">
                                            <psis:stringNodeValue>attrClass12</psis:stringNodeValue>
                                        </psis:attribute>
                                        <psis:attribute psis:name="attributeTypeRef">
                                            <psis:nodeRefNodeValue>attrType1</psis:nodeRefNodeValue>
                                        </psis:attribute>
                                    </psis:attributes>
                                </psis:child>
                                <psis:child psis:name="AttributeClass">
                                    <psis:attributes>
                                        <psis:attribute psis:name="name">
                                            <psis:stringNodeValue>PKIX</psis:stringNodeValue>
                                        </psis:attribute>
                                        <psis:attribute psis:name="formatRef">
                                            <psis:nodeRefNodeValue>format1</psis:nodeRefNodeValue>
                                        </psis:attribute>
                                        <psis:attribute psis:name="attributeTypeRef">
                                            <psis:nodeRefNodeValue>attrType1</psis:nodeRefNodeValue>
                                        </psis:attribute>
                                        <psis:attribute psis:name="alias">
                                            <psis:stringNodeValue>attrClass13</psis:stringNodeValue>
                                        </psis:attribute>
                                    </psis:attributes>
                                </psis:child>
                                <psis:child psis:name="AttributeClass">
                                    <psis:attributes>
                                        <psis:attribute psis:name="formatRef">
                                            <psis:nodeRefNodeValue>format1</psis:nodeRefNodeValue>
                                        </psis:attribute>
                                        <psis:attribute psis:name="name">
                                            <psis:stringNodeValue>urn:psis:service</psis:stringNodeValue>
                                        </psis:attribute>
                                        <psis:attribute psis:name="attributeTypeRef">
                                            <psis:nodeRefNodeValue>attrType1</psis:nodeRefNodeValue>
                                        </psis:attribute>
                                        <psis:attribute psis:name="alias">
                                            <psis:stringNodeValue>attrClass14</psis:stringNodeValue>
                                        </psis:attribute>
                                    </psis:attributes>
                                </psis:child>
                                <psis:child psis:name="AttributeClass">
                                    <psis:attributes>
                                        <psis:attribute psis:name="alias">
                                            <psis:stringNodeValue>attrClass15</psis:stringNodeValue>
                                        </psis:attribute>
                                        <psis:attribute psis:name="formatRef">
                                            <psis:nodeRefNodeValue>format1</psis:nodeRefNodeValue>
                                        </psis:attribute>
                                        <psis:attribute psis:name="attributeTypeRef">
                                            <psis:nodeRefNodeValue>attrType1</psis:nodeRefNodeValue>
                                        </psis:attribute>
                                        <psis:attribute psis:name="name">
                                            <psis:stringNodeValue>urn:psis:cms:subject</psis:stringNodeValue>
                                        </psis:attribute>
                                    </psis:attributes>
                                </psis:child>
                                <psis:child psis:name="AttributeClass">
                                    <psis:attributes>
                                        <psis:attribute psis:name="attributeTypeRef">
                                            <psis:nodeRefNodeValue>attrType1</psis:nodeRefNodeValue>
                                        </psis:attribute>
                                        <psis:attribute psis:name="formatRef">
                                            <psis:nodeRefNodeValue>format1</psis:nodeRefNodeValue>
                                        </psis:attribute>
                                        <psis:attribute psis:name="name">
                                            <psis:stringNodeValue>urn:psis:cms:keyUsage</psis:stringNodeValue>
                                        </psis:attribute>
                                        <psis:attribute psis:name="alias">
                                            <psis:stringNodeValue>attrClass16</psis:stringNodeValue>
                                        </psis:attribute>
                                    </psis:attributes>
                                </psis:child>
                            </psis:children>
                        </psis:child>
                        <psis:child psis:name="QualifierType">
                            <psis:children>
                                <psis:child psis:name="QualifierEntry">
                                    <psis:attributes>
                                        <psis:attribute psis:name="value">
                                            <psis:stringNodeValue/>
                                        </psis:attribute>
                                        <psis:attribute psis:name="alias">
                                            <psis:stringNodeValue>qualifEntry1</psis:stringNodeValue>
                                        </psis:attribute>
                                    </psis:attributes>
                                </psis:child>
                            </psis:children>
                        </psis:child>
                        <psis:child psis:name="SecurityLabel">
                            <psis:attributes>
                                <psis:attribute psis:name="alias">
                                    <psis:stringNodeValue>securLabel1</psis:stringNodeValue>
                                </psis:attribute>
                            </psis:attributes>
                        </psis:child>
                        <psis:child psis:name="Format">
                            <psis:attributes>
                                <psis:attribute psis:name="name">
                                    <psis:stringNodeValue>urn:oasis:names:tc:SAML:2.0:attrname-format:uri</psis:stringNodeValue>
                                </psis:attribute>
                                <psis:attribute psis:name="alias">
                                    <psis:stringNodeValue>format1</psis:stringNodeValue>
                                </psis:attribute>
                            </psis:attributes>
                        </psis:child>
                        <psis:child psis:name="AttributeType">
                            <psis:attributes>
                                <psis:attribute psis:name="name">
                                    <psis:stringNodeValue>string</psis:stringNodeValue>
                                </psis:attribute>
                                <psis:attribute psis:name="alias">
                                    <psis:stringNodeValue>attrType1</psis:stringNodeValue>
                                </psis:attribute>
                            </psis:attributes>
                        </psis:child>
                    </psis:children>
                </psis:config>
            </psis:serviceConfig>
            <psis:serviceConfig psis:target="AttributeManagerService">
                <psis:config psis:name="Config">
                    <psis:attributes>
                        <psis:attribute psis:name="StructuredMessageService">
                            <psis:serviceIdNodeValue>StructuredMessageService</psis:serviceIdNodeValue>
                        </psis:attribute>
                        <psis:attribute psis:name="defaultDomain">
                            <psis:stringNodeValue>domainExample</psis:stringNodeValue>
                        </psis:attribute>
                        <psis:attribute psis:name="IdentityManagerService">
                            <psis:serviceIdNodeValue>IdentityManagerService</psis:serviceIdNodeValue>
                        </psis:attribute>
                        <psis:attribute psis:name="BeanFactoryService">
                            <psis:serviceIdNodeValue>BeanFactoryService</psis:serviceIdNodeValue>
                        </psis:attribute>
                        <psis:attribute psis:name="ORMService">
                            <psis:serviceIdNodeValue>ORMService</psis:serviceIdNodeValue>
                        </psis:attribute>
                        <psis:attribute psis:name="defaultSchema">
                            <psis:stringNodeValue>schemaExample</psis:stringNodeValue>
                        </psis:attribute>
                        <psis:attribute psis:name="TimeService">
                            <psis:serviceIdNodeValue>TimeService</psis:serviceIdNodeValue>
                        </psis:attribute>
                    </psis:attributes>
                </psis:config>
            </psis:serviceConfig>
        </psis:servicesConfig>
    </psis:productConfig>
</psis:configDescriptor>
