<?xml version="1.0" encoding="UTF-8"?>
<!-- SignatureFactory configuration -->
<!-- 17/09/09 Canviat els identificadors per a la creacio de timestamps de cades i xades per a q apuntin al nou p12 de TSA -->
<!-- 26/11/12 Canviat els identificadors per a la creació de timestamps per a que apuntin a la nova TSA -->
<psis:configDescriptor xmlns:psis="xmlbeans://console.psis/descriptors" xmlns:xsi="http://www.w3.org/2001/XMLSchema-instance" 
    xsi:schemaLocation="xmlbeans://console.psis/descriptors ../xsd/ConfigDescriptor.xsd">
    <psis:productConfig psis:targetName="SignatureFactory" psis:targetRelease="atlantis">
        <psis:servicesConfig>
            <psis:serviceConfig psis:target="CMSPDUCreationService">
                <psis:config psis:name="Config">
                    <psis:attributes>
                        <psis:attribute psis:name="MessageDigesterService">
                            <psis:serviceIdNodeValue>MessageDigesterService</psis:serviceIdNodeValue>
                        </psis:attribute>
                        <psis:attribute psis:name="StructuredMessageService">
                            <psis:serviceIdNodeValue>StructuredMessageService</psis:serviceIdNodeValue>
                        </psis:attribute>
                        <psis:attribute psis:name="SignatureCreatorService">
                            <psis:serviceIdNodeValue>SignatureCreatorService</psis:serviceIdNodeValue>
                        </psis:attribute>
                        <psis:attribute psis:name="SignatureAttributeCreationService">
                            <psis:serviceIdNodeValue>SignatureAttributeCreationService</psis:serviceIdNodeValue>
                        </psis:attribute>
                        <psis:attribute psis:name="KeyResolutionService">
                            <psis:serviceIdNodeValue>KeyResolutionService</psis:serviceIdNodeValue>
                        </psis:attribute>
                        <psis:attribute psis:name="BeanFactoryService">
                            <psis:serviceIdNodeValue>BeanFactoryService</psis:serviceIdNodeValue>
                        </psis:attribute>
                    </psis:attributes>
                </psis:config>
            </psis:serviceConfig>
            <psis:serviceConfig psis:target="XMLDSigPDUCreationService">
                <psis:config psis:name="Config">
                    <psis:attributes>
                        <psis:attribute psis:name="ResourceResolverService">
                            <psis:serviceIdNodeValue>ResourceResolverService</psis:serviceIdNodeValue>
                        </psis:attribute>
                        <psis:attribute psis:name="StructuredMessageService">
                            <psis:serviceIdNodeValue>StructuredMessageService</psis:serviceIdNodeValue>
                        </psis:attribute>
                        <psis:attribute psis:name="defaultDigestAlgorithmName">
                            <psis:stringNodeValue>SHA1</psis:stringNodeValue>
                        </psis:attribute>
                        <psis:attribute psis:name="BeanFactoryService">
                            <psis:serviceIdNodeValue>BeanFactoryService</psis:serviceIdNodeValue>
                        </psis:attribute>
                        <psis:attribute psis:name="httpcommunication">
                            <psis:serviceIdNodeValue>HTTPCommunicationService</psis:serviceIdNodeValue>
                        </psis:attribute>
                        <psis:attribute psis:name="SignatureAttributeCreationService">
                            <psis:serviceIdNodeValue>SignatureAttributeCreationService</psis:serviceIdNodeValue>
                        </psis:attribute>
                        <!-- Change me to allow hardware signature  -->
                        <psis:attribute psis:name="signatureProvider">
                            <psis:stringNodeValue>BC</psis:stringNodeValue>
                        </psis:attribute>
                    </psis:attributes>
                </psis:config>
            </psis:serviceConfig>
            <psis:serviceConfig psis:target="CMSTimestampPDUCreationService">
                <psis:config psis:name="Config">
                    <psis:attributes>
                        <psis:attribute psis:name="SignatureBuilderService">
                            <psis:serviceIdNodeValue>SignatureBuilderService</psis:serviceIdNodeValue>
                        </psis:attribute>
                        <psis:attribute psis:name="SecureRandomService">
                            <psis:serviceIdNodeValue>SecureRandomService</psis:serviceIdNodeValue>
                        </psis:attribute>
                        <psis:attribute psis:name="CertificateManagementService">
                            <psis:serviceIdNodeValue>CertificateManagementService</psis:serviceIdNodeValue>
                        </psis:attribute>
                        <psis:attribute psis:name="KeyManagementService">
                            <psis:serviceIdNodeValue>KeyManagementService</psis:serviceIdNodeValue>
                        </psis:attribute>
                        <psis:attribute psis:name="MessageDigestService">
                            <psis:serviceIdNodeValue>MessageDigestService</psis:serviceIdNodeValue>
                        </psis:attribute>
                        <psis:attribute psis:name="BeanFactoryService">
                            <psis:serviceIdNodeValue>BeanFactoryService</psis:serviceIdNodeValue>
                        </psis:attribute>
                        <psis:attribute psis:name="SignatureAlgorithmName">
                            <psis:stringNodeValue>SHA1withRSA</psis:stringNodeValue>
                        </psis:attribute>
                        <psis:attribute psis:name="TimeService">
                            <psis:serviceIdNodeValue>TimeService</psis:serviceIdNodeValue>
                        </psis:attribute>
                        <psis:attribute psis:name="SecureRandomAlgorithmName">
                            <psis:stringNodeValue>SHA1PRNG</psis:stringNodeValue>
                        </psis:attribute>
                        <psis:attribute psis:name="BindingManagementService">
                            <psis:serviceIdNodeValue>BindingManagementService</psis:serviceIdNodeValue>
                        </psis:attribute>
                        <psis:attribute psis:name="DigestAlgorithmName">
                            <psis:stringNodeValue>SHA1</psis:stringNodeValue>
                        </psis:attribute>
                        <psis:attribute psis:name="StructuredMessageService">
                            <psis:serviceIdNodeValue>StructuredMessageService</psis:serviceIdNodeValue>
                        </psis:attribute>
                        <psis:attribute psis:name="IdentityManagerService">
                            <psis:serviceIdNodeValue>IdentityManagerService</psis:serviceIdNodeValue>
                        </psis:attribute>
                        <psis:attribute psis:name="SignatureCreationService">
                            <psis:serviceIdNodeValue>SignatureCreationService</psis:serviceIdNodeValue>
                        </psis:attribute>
                    </psis:attributes>
                    <psis:children>
                        <psis:child psis:name="Key">
                            <psis:attributes>
                                <psis:attribute psis:name="usages">
                                    <psis:stringNodeValue>/Identifiers/KeyUsages/Signature</psis:stringNodeValue>
                                </psis:attribute>
                                <psis:attribute psis:name="applications">
                                    <psis:stringNodeValue>urn:ietf:rfc:3161</psis:stringNodeValue>
                                </psis:attribute>
                                <psis:attribute psis:name="name">
                                    <psis:stringNodeValue>TSASigningKey</psis:stringNodeValue>
                                </psis:attribute>
                            </psis:attributes>
                        </psis:child>
                        <psis:child psis:name="TSA">
                            <psis:attributes>
                                <psis:attribute psis:name="ordering">
                                    <psis:stringNodeValue>true</psis:stringNodeValue>
                                </psis:attribute>
                                <psis:attribute psis:name="syntax">
                                    <psis:stringNodeValue>#X509SubjectName</psis:stringNodeValue>
                                </psis:attribute>
                                <psis:attribute psis:name="name">
                                    <psis:stringNodeValue>CN=Servei de segellat de temps de PSIS,O=Consorci Administraci\C3\B3 Oberta de Catalunya (NIF Q-0801175-A),C=ES</psis:stringNodeValue>
                                </psis:attribute>
                                <psis:attribute psis:name="policyOID">
                                    <psis:stringNodeValue>0.4.0.2023.1.1</psis:stringNodeValue>
                                </psis:attribute>
                            </psis:attributes>
                            <psis:children>
                                <psis:child psis:name="Accuracy">
                                    <psis:attributes>
                                        <psis:attribute psis:name="micros">
                                            <psis:stringNodeValue>1</psis:stringNodeValue>
                                        </psis:attribute>
                                        <psis:attribute psis:name="seconds">
                                            <psis:stringNodeValue>1</psis:stringNodeValue>
                                        </psis:attribute>
                                        <psis:attribute psis:name="millis">
                                            <psis:stringNodeValue>1</psis:stringNodeValue>
                                        </psis:attribute>
                                    </psis:attributes>
                                </psis:child>
                            </psis:children>
                        </psis:child>
                    </psis:children>
                </psis:config>
            </psis:serviceConfig>
            <psis:serviceConfig psis:target="XMLTimestampPDUCreationService">
                <psis:config psis:name="Config">
                    <psis:attributes>
                        <psis:attribute psis:name="DigestAlgorithmName">
                            <psis:stringNodeValue>/Algorithms/Digest/SHA1</psis:stringNodeValue>
                        </psis:attribute>
                        <psis:attribute psis:name="SignatureCreationService">
                            <psis:serviceIdNodeValue>SignatureCreationService</psis:serviceIdNodeValue>
                        </psis:attribute>
                        <psis:attribute psis:name="KeyManagementService">
                            <psis:serviceIdNodeValue>KeyManagementService</psis:serviceIdNodeValue>
                        </psis:attribute>
                        <psis:attribute psis:name="CertificateManagementService">
                            <psis:serviceIdNodeValue>CertificateManagementService</psis:serviceIdNodeValue>
                        </psis:attribute>
                        <psis:attribute psis:name="TimeService">
                            <psis:serviceIdNodeValue>TimeService</psis:serviceIdNodeValue>
                        </psis:attribute>
                        <psis:attribute psis:name="StructuredMessageService">
                            <psis:serviceIdNodeValue>StructuredMessageService</psis:serviceIdNodeValue>
                        </psis:attribute>
                        <psis:attribute psis:name="BindingManagementService">
                            <psis:serviceIdNodeValue>BindingManagementService</psis:serviceIdNodeValue>
                        </psis:attribute>
                        <psis:attribute psis:name="SignatureAlgorithmName">
                            <psis:stringNodeValue>/Algorithms/Signature/SHA1withRSA</psis:stringNodeValue>
                        </psis:attribute>
                        <psis:attribute psis:name="SecureRandomAlgorithmName">
                            <psis:stringNodeValue>/Algorithms/SecureRandom/SHA1PRNG</psis:stringNodeValue>
                        </psis:attribute>
                        <psis:attribute psis:name="SecureRandomService">
                            <psis:serviceIdNodeValue>SecureRandomService</psis:serviceIdNodeValue>
                        </psis:attribute>
                        <psis:attribute psis:name="IdentityManagerService">
                            <psis:serviceIdNodeValue>IdentityManagerService</psis:serviceIdNodeValue>
                        </psis:attribute>
                    </psis:attributes>
                    <psis:children>
                        <psis:child psis:name="Key">
                            <psis:attributes>
                                <psis:attribute psis:name="name">
                                    <psis:stringNodeValue>TSASigningKey</psis:stringNodeValue>
                                </psis:attribute>
                                <psis:attribute psis:name="applications">
                                    <psis:stringNodeValue>urn:oasis:dss:timestamp</psis:stringNodeValue>
                                </psis:attribute>
                                <psis:attribute psis:name="usages">
                                    <psis:stringNodeValue>/Identifiers/KeyUsages/Timestamp</psis:stringNodeValue>
                                </psis:attribute>
                            </psis:attributes>
                        </psis:child>
                        <psis:child psis:name="TSA">
                            <psis:attributes>
                                <psis:attribute psis:name="ordering">
                                    <psis:stringNodeValue>true</psis:stringNodeValue>
                                </psis:attribute>
                                <psis:attribute psis:name="syntax">
                                    <psis:stringNodeValue>#X509SubjectName</psis:stringNodeValue>
                                </psis:attribute>
                                <psis:attribute psis:name="policyURI">
                                    <psis:stringNodeValue>urn:oid:0.4.0.2023.1.1</psis:stringNodeValue>
                                </psis:attribute>
                                <psis:attribute psis:name="name">
                                    <psis:stringNodeValue>CN=Servei de segellat de temps de PSIS,O=Consorci Administraci\C3\B3 Oberta de Catalunya (NIF Q-0801175-A),C=ES</psis:stringNodeValue>
                                </psis:attribute>
                            </psis:attributes>
                            <psis:children>
                                <psis:child psis:name="Accuracy">
                                    <psis:attributes>
                                        <psis:attribute psis:name="micros">
                                            <psis:stringNodeValue>1</psis:stringNodeValue>
                                        </psis:attribute>
                                        <psis:attribute psis:name="seconds">
                                            <psis:stringNodeValue>1</psis:stringNodeValue>
                                        </psis:attribute>
                                        <psis:attribute psis:name="millis">
                                            <psis:stringNodeValue>1</psis:stringNodeValue>
                                        </psis:attribute>
                                    </psis:attributes>
                                </psis:child>
                            </psis:children>
                        </psis:child>
                        <psis:child psis:name="Transforms">
                            <psis:attributes>
                                <psis:attribute psis:name="values">
                                    <psis:stringNodeValue>/Algorithms/Transforms/ExclusiveCanonicalization</psis:stringNodeValue>
                                </psis:attribute>
                            </psis:attributes>
                        </psis:child>
                    </psis:children>
                </psis:config>
            </psis:serviceConfig>
            <psis:serviceConfig psis:target="SignatureCreationService">
                <psis:config psis:name="Config">
                    <psis:attributes>
                        <psis:attribute psis:name="SignatureAttributeCreationService">
                            <psis:serviceIdNodeValue>SignatureAttributeCreationService</psis:serviceIdNodeValue>
                        </psis:attribute>
                        <psis:attribute psis:name="BeanFactoryService">
                            <psis:serviceIdNodeValue>BeanFactoryService</psis:serviceIdNodeValue>
                        </psis:attribute>
                        <psis:attribute psis:name="KeyResolutionService">
                            <psis:serviceIdNodeValue>KeyResolutionService</psis:serviceIdNodeValue>
                        </psis:attribute>
                        <psis:attribute psis:name="MessageDigestService">
                            <psis:serviceIdNodeValue>MessageDigestService</psis:serviceIdNodeValue>
                        </psis:attribute>
                        <psis:attribute psis:name="SignatureValidationService">
                            <psis:serviceIdNodeValue>SignatureValidationService</psis:serviceIdNodeValue>
                        </psis:attribute>
                        <psis:attribute psis:name="StructuredMessageService">
                            <psis:serviceIdNodeValue>StructuredMessageService</psis:serviceIdNodeValue>
                        </psis:attribute>
                        <psis:attribute psis:name="CMSTimestampPDUCreationService">
                            <psis:serviceIdNodeValue>CMSTimestampPDUCreationService</psis:serviceIdNodeValue>
                        </psis:attribute>
                        <psis:attribute psis:name="SignatureBuilderService">
                            <psis:serviceIdNodeValue>SignatureBuilderService</psis:serviceIdNodeValue>
                        </psis:attribute>
                        <psis:attribute psis:name="XMLDSigSignaturePDUCreationService">
                            <psis:serviceIdNodeValue>XMLDSigPDUCreationService</psis:serviceIdNodeValue>
                        </psis:attribute>
                        <psis:attribute psis:name="TimeService">
                            <psis:serviceIdNodeValue>TimeService</psis:serviceIdNodeValue>
                        </psis:attribute>
                        <psis:attribute psis:name="CMSSignaturePDUCreationService">
                            <psis:serviceIdNodeValue>CMSPDUCreationService</psis:serviceIdNodeValue>
                        </psis:attribute>
                        <psis:attribute psis:name="XMLTimestampPDUCreationService">
                            <psis:serviceIdNodeValue>XMLTimestampPDUCreationService</psis:serviceIdNodeValue>
                        </psis:attribute>
                    </psis:attributes>
                    <psis:children>
                        <psis:child psis:name="signaturealgorithms">
                            <psis:attributes>
                                <psis:attribute psis:name="algorithms">
                                    <psis:stringNodeValue>SHA1withRSA</psis:stringNodeValue>
                                    <psis:stringNodeValue>MD5withRSA</psis:stringNodeValue>
                                    <psis:stringNodeValue>SHA1withDSA</psis:stringNodeValue>
                                </psis:attribute>
                            </psis:attributes>
                        </psis:child>
                        <psis:child psis:name="digestalgorithms">
                            <psis:attributes>
                                <psis:attribute psis:name="algorithms">
                                    <psis:stringNodeValue>SHA1</psis:stringNodeValue>
                                    <psis:stringNodeValue>MD5</psis:stringNodeValue>
									<!-- TECSIDEL INCIDENCIA 98 **************************** -->
									<psis:stringNodeValue>SHA256</psis:stringNodeValue>
									<!-- **************************** TECSIDEL INCIDENCIA 98 -->
                                </psis:attribute>
                            </psis:attributes>
                        </psis:child>
                        <psis:child psis:name="canonicalizationalgorithms">
                            <psis:attributes>
                                <psis:attribute psis:name="algorithms">
                                    <psis:stringNodeValue>/Algorithms/Transforms/CanonicalXML</psis:stringNodeValue>
                                </psis:attribute>
                            </psis:attributes>
                        </psis:child>
                    </psis:children>
                </psis:config>
            </psis:serviceConfig>
        </psis:servicesConfig>
    </psis:productConfig>
</psis:configDescriptor>
