<?xml version="1.0" encoding="UTF-8"?>
<!--Archival configuration-->
<psis:configDescriptor xmlns:psis="xmlbeans://console.psis/descriptors" xmlns:xsi="http://www.w3.org/2001/XMLSchema-instance" 
    xsi:schemaLocation="xmlbeans://console.psis/descriptors ../xsd/ConfigDescriptor.xsd">
    <psis:productConfig psis:targetName="Scheduler" psis:targetRelease="atlantis">
        <psis:servicesConfig>
            <psis:serviceConfig psis:target="SchedulerService">
                <psis:config psis:name="Config">
                    <psis:attributes>
                        <psis:attribute psis:name="ORMService">
                            <psis:serviceIdNodeValue>ORMService</psis:serviceIdNodeValue>
                        </psis:attribute>
                        <psis:attribute psis:name="BeanFactoryService">
                            <psis:serviceIdNodeValue>BeanFactoryService</psis:serviceIdNodeValue>
                        </psis:attribute>
                    </psis:attributes>
               </psis:config>
            </psis:serviceConfig>
        </psis:servicesConfig>
    </psis:productConfig>
</psis:configDescriptor>
