<?xml version="1.0" encoding="UTF-8"?>
<!--Defines Gateway VA's PSIS product-->
<psis:productDescriptor xmlns:psis="xmlbeans://console.psis/descriptors" 
    xmlns:xsi="http://www.w3.org/2001/XMLSchema-instance" 
    xsi:schemaLocation="xmlbeans://console.psis/descriptors ../xsd/ProductDescriptor.xsd">
    <psis:productData>
        <psis:name>GatewayVA</psis:name>
        <psis:release>atlantis</psis:release>
    </psis:productData>
    <!--Defines Gateway VA service's dependencies-->
    <psis:serviceDependencies>
        <psis:serviceDependency psis:type="psis.service:signaturevalidation"/>
        <psis:serviceDependency psis:type="psis.service:certificatevalidation"/>
        <psis:serviceDependency psis:type="psis.service:structuredmessage"/>
        <psis:serviceDependency psis:type="psis.service:signaturebuilder"/>
        <psis:serviceDependency psis:type="psis.service:scriptexecution"/>
        <psis:serviceDependency psis:type="psis.service:keyresolution"/>
        <psis:serviceDependency psis:type="psis.service:certstore"/>
    </psis:serviceDependencies>
    <psis:productServices>
        <psis:productService psis:binding="messagelistener.atlantis.gateway_va:service" psis:name="MessageListenerServiceVA"/>
    </psis:productServices>
</psis:productDescriptor>