<?xml version="1.0" encoding="UTF-8"?>
<!--Defines Auth PSIS product-->
<psis:productDescriptor xmlns:psis="xmlbeans://console.psis/descriptors" 
	xmlns:xsi="http://www.w3.org/2001/XMLSchema-instance" 
	xsi:schemaLocation="xmlbeans://console.psis/descriptors ../xsd/ProductDescriptor.xsd">
  <psis:productData>
    <psis:name>Authentication</psis:name>
    <psis:release>atlantis</psis:release>
  </psis:productData>
	<!--Defines Authentication service's dependencies, mainly needs a signature validation service to perform
		message authentication-->
	<psis:serviceDependencies>
		<psis:serviceDependency psis:type="psis.service:signaturevalidation"/>
		<psis:serviceDependency psis:type="psis.service:structuredmessage"/>
		<psis:serviceDependency psis:type="psis.service:signaturebuilder"/>
	</psis:serviceDependencies>
	<psis:productServices>
		<!--Auth may require additional services from validation layers-->
		<psis:productService psis:binding="authentication.atlantis:service" psis:name="AuthenticationService"/>
	</psis:productServices>
</psis:productDescriptor>