<?xml version="1.0" encoding="UTF-8"?>
<!-- Define all base services  needed by all products-->
<psis:productDescriptor xmlns:psis="xmlbeans://console.psis/descriptors" 
    xmlns:xsi="http://www.w3.org/2001/XMLSchema-instance" 
    xsi:schemaLocation="xmlbeans://console.psis/descriptors ../xsd/ProductDescriptor.xsd">
    <psis:productData>
        <psis:name>BaseServices</psis:name>
        <psis:release>atlantis</psis:release>
    </psis:productData>
    <!--Defines base service's dependencies-->
    <psis:serviceDependencies>
        <psis:serviceDependency psis:type="psis.service:structuredmessage"/>
        <psis:serviceDependency psis:type="psis.service:time"/>
        <psis:serviceDependency psis:type="psis.service:messagedigest"/>
        <psis:serviceDependency psis:type="psis.service:beanfactory"/>
        <psis:serviceDependency psis:type="psis.service:orm"/>
        <psis:serviceDependency psis:type="psis.service:messagedigest"/>
        <psis:serviceDependency psis:type="psis.service:certificatefactory"/>
    </psis:serviceDependencies>
    <psis:productServices>
        <psis:productService psis:binding="signaturebuilder.atlantis:service" psis:name="SignatureBuilderService"/>
        <psis:productService psis:binding="constraintmanagement.atlantis:service" psis:name="ConstraintManagementService"/>
        <psis:productService psis:binding="signatureattributecreation.atlantis:service" psis:name="SignatureAttributeCreationService"/>
        <psis:productService psis:binding="signatureattributevalidation.atlantis:service" psis:name="SignatureAttributeValidationService"/>
        <psis:productService psis:binding="sigpolicymanagement.atlantis:service" psis:name="SigPolicyManagementService"/>
        <psis:productService psis:binding="constraintmatching.atlantis:service" psis:name="ConstraintMatchingService"/>
        <psis:productService psis:binding="certstore.dbsystem.atlantis:service" psis:name="CertDBStoreService"/>
        <psis:productService psis:binding="keyresolution.atlantis:service" psis:name="KeyResolutionService"/>
        <psis:productService psis:binding="scriptexecution.atlantis:service" psis:name="ScriptExecutionService"/>
		<psis:productService psis:binding="attributecertificatevalidation.atlantis:service" psis:name="AttributeCertificateValidationService"/>
    </psis:productServices>
</psis:productDescriptor>
        
