<?xml version="1.0" encoding="UTF-8"?>
<!--Message broker configuration-->
<!-- 18/01/10 Canviat el identificador del P12 de PSIS CATCert (ID-174) -->
<!-- 17/01/11 Afegit el Service Check (ID-216) -->
<!-- 10/01/12 Afegit Charset de les respostes (ID-336) -->
<!-- 19/09/12 Afegida propietat per indicar si persistir evidencies (ID-363) -->
<!-- 07/01/14 Canviat l'identificador del CDA de PSIS (ID-992) -->
<psis:configDescriptor xmlns:psis="xmlbeans://console.psis/descriptors" xmlns:xsi="http://www.w3.org/2001/XMLSchema-instance" xsi:schemaLocation="xmlbeans://console.psis/descriptors ../xsd/ConfigDescriptor.xsd">
	<psis:productConfig psis:targetName="MessageBroker" psis:targetRelease="atlantis">
		<psis:servicesConfig>
			<psis:serviceConfig psis:target="MessageBrokerService">
				<psis:config psis:name="Config">
					<psis:attributes>
						<psis:attribute psis:name="orm">
							<psis:serviceIdNodeValue>ORMService</psis:serviceIdNodeValue>
						</psis:attribute>
						<psis:attribute psis:name="EvidenceManagementService">
							<psis:serviceIdNodeValue>EvidenceManagementService</psis:serviceIdNodeValue>
						</psis:attribute>
						<psis:attribute psis:name="StructuredMessageService">
							<psis:serviceIdNodeValue>StructuredMessageService</psis:serviceIdNodeValue>
						</psis:attribute>
						<psis:attribute psis:name="TimeService">
							<psis:serviceIdNodeValue>TimeService</psis:serviceIdNodeValue>
						</psis:attribute>
						<psis:attribute psis:name="BeanFactoryService">
							<psis:serviceIdNodeValue>BeanFactoryService</psis:serviceIdNodeValue>
						</psis:attribute>
					</psis:attributes>
					<psis:children>
						<psis:child psis:name="TargetConfiguration">
							<psis:attributes>
								<psis:attribute psis:name="id">
									<psis:stringNodeValue>sc</psis:stringNodeValue>
								</psis:attribute>
								<psis:attribute psis:name="listener">
									<psis:serviceIdNodeValue>MessageListenerServiceSC</psis:serviceIdNodeValue>
								</psis:attribute>
								<psis:attribute psis:name="contentMimeType">
									<psis:stringNodeValue>application/sc</psis:stringNodeValue>
								</psis:attribute>
								<psis:attribute psis:name="transportMimeType">
									<psis:stringNodeValue>application/soap11</psis:stringNodeValue>
								</psis:attribute>
								<psis:attribute psis:name="responseContentType">
									<psis:stringNodeValue>text/xml</psis:stringNodeValue>
								</psis:attribute>
								<psis:attribute psis:name="responseCharset">
									<psis:stringNodeValue>UTF-8</psis:stringNodeValue>
								</psis:attribute>
								<psis:attribute psis:name="validateRequest">
									<psis:stringNodeValue>false</psis:stringNodeValue>
								</psis:attribute>
								<psis:attribute psis:name="validateResponse">
									<psis:stringNodeValue>false</psis:stringNodeValue>
								</psis:attribute>
								<psis:attribute psis:name="storeEvidences">
									<psis:stringNodeValue>false</psis:stringNodeValue>
								</psis:attribute>
								<psis:attribute psis:name="locale">
									<psis:stringNodeValue>ca</psis:stringNodeValue>
								</psis:attribute>
							</psis:attributes>
							<psis:children>
								<psis:child psis:name="ChainConfiguration">
									<psis:attributes>
										<psis:attribute psis:name="handle">
											<psis:stringNodeValue>request</psis:stringNodeValue>
										</psis:attribute>
									</psis:attributes>
									<psis:children>
										<psis:child psis:name="HandlerConfiguration">
											<psis:attributes>
												<psis:attribute psis:name="name">
													<psis:stringNodeValue>AuthenticationHandler</psis:stringNodeValue>
												</psis:attribute>
												<psis:attribute psis:name="value">
													<psis:stringNodeValue>authentication</psis:stringNodeValue>
												</psis:attribute>
											</psis:attributes>
										</psis:child>
									</psis:children>
								</psis:child>
								<psis:child psis:name="ChainConfiguration">
									<psis:attributes>
										<psis:attribute psis:name="handle">
											<psis:stringNodeValue>response</psis:stringNodeValue>
										</psis:attribute>
									</psis:attributes>
									<psis:children>
										<psis:child psis:name="HandlerConfiguration">
											<psis:attributes>
												<psis:attribute psis:name="name">
													<psis:stringNodeValue>BuilderHandler</psis:stringNodeValue>
												</psis:attribute>
												<psis:attribute psis:name="value">
													<psis:stringNodeValue>builder</psis:stringNodeValue>
												</psis:attribute>
											</psis:attributes>
										</psis:child>
										<psis:child psis:name="HandlerConfiguration">
											<psis:attributes>
												<psis:attribute psis:name="name">
													<psis:stringNodeValue>SoapHandler</psis:stringNodeValue>
												</psis:attribute>
												<psis:attribute psis:name="value">
													<psis:stringNodeValue>soap11</psis:stringNodeValue>
												</psis:attribute>
											</psis:attributes>
										</psis:child>
									</psis:children>
								</psis:child>
								<psis:child psis:name="ChainConfiguration">
									<psis:attributes>
										<psis:attribute psis:name="handle">
											<psis:stringNodeValue>exception</psis:stringNodeValue>
										</psis:attribute>
									</psis:attributes>
									<psis:children>
										<psis:child psis:name="HandlerConfiguration">
											<psis:attributes>
												<psis:attribute psis:name="name">
													<psis:stringNodeValue>ReThrowExceptionHandler</psis:stringNodeValue>
												</psis:attribute>
												<psis:attribute psis:name="value">
													<psis:stringNodeValue>reThrowException</psis:stringNodeValue>
												</psis:attribute>
											</psis:attributes>
										</psis:child>
									</psis:children>
								</psis:child>
							</psis:children>
						</psis:child>
						<psis:child psis:name="TargetConfiguration">
							<psis:attributes>
								<psis:attribute psis:name="id">
									<psis:stringNodeValue>va</psis:stringNodeValue>
								</psis:attribute>
								<psis:attribute psis:name="listener">
									<psis:serviceIdNodeValue>MessageListenerServiceVA</psis:serviceIdNodeValue>
								</psis:attribute>
								<psis:attribute psis:name="contentMimeType">
									<psis:stringNodeValue>application/dss</psis:stringNodeValue>
								</psis:attribute>
								<psis:attribute psis:name="transportMimeType">
									<psis:stringNodeValue>application/soap11</psis:stringNodeValue>
								</psis:attribute>
								<psis:attribute psis:name="responseContentType">
									<psis:stringNodeValue>text/xml</psis:stringNodeValue>
								</psis:attribute>
								<psis:attribute psis:name="responseCharset">
									<psis:stringNodeValue>UTF-8</psis:stringNodeValue>
								</psis:attribute>
								<psis:attribute psis:name="validateRequest">
									<psis:stringNodeValue>false</psis:stringNodeValue>
								</psis:attribute>
								<psis:attribute psis:name="validateResponse">
									<psis:stringNodeValue>false</psis:stringNodeValue>
								</psis:attribute>
								<psis:attribute psis:name="storeEvidences">
									<psis:stringNodeValue>true</psis:stringNodeValue>
								</psis:attribute>
								<psis:attribute psis:name="locale">
									<psis:stringNodeValue>ca</psis:stringNodeValue>
								</psis:attribute>
							</psis:attributes>
							<psis:children>
								<psis:child psis:name="ChainConfiguration">
									<psis:attributes>
										<psis:attribute psis:name="handle">
											<psis:stringNodeValue>request</psis:stringNodeValue>
										</psis:attribute>
									</psis:attributes>
									<psis:children>
										<psis:child psis:name="HandlerConfiguration">
											<psis:attributes>
												<psis:attribute psis:name="value">
													<psis:stringNodeValue>authentication</psis:stringNodeValue>
												</psis:attribute>
												<psis:attribute psis:name="name">
													<psis:stringNodeValue>AuthenticationHandler</psis:stringNodeValue>
												</psis:attribute>
											</psis:attributes>
										</psis:child>
										<psis:child psis:name="HandlerConfiguration">
											<psis:attributes>
												<psis:attribute psis:name="value">
													<psis:stringNodeValue>soap11</psis:stringNodeValue>
												</psis:attribute>
												<psis:attribute psis:name="name">
													<psis:stringNodeValue>SoapHandler</psis:stringNodeValue>
												</psis:attribute>
											</psis:attributes>
										</psis:child>
										<psis:child psis:name="HandlerConfiguration">
											<psis:attributes>
												<psis:attribute psis:name="value">
													<psis:stringNodeValue>builder</psis:stringNodeValue>
												</psis:attribute>
												<psis:attribute psis:name="name">
													<psis:stringNodeValue>BuilderHandler</psis:stringNodeValue>
												</psis:attribute>
											</psis:attributes>
										</psis:child>
									</psis:children>
								</psis:child>
								<psis:child psis:name="ChainConfiguration">
									<psis:attributes>
										<psis:attribute psis:name="handle">
											<psis:stringNodeValue>response</psis:stringNodeValue>
										</psis:attribute>
									</psis:attributes>
									<psis:children>
										<psis:child psis:name="HandlerConfiguration">
											<psis:attributes>
												<psis:attribute psis:name="value">
													<psis:stringNodeValue>builder</psis:stringNodeValue>
												</psis:attribute>
												<psis:attribute psis:name="name">
													<psis:stringNodeValue>BuilderHandler</psis:stringNodeValue>
												</psis:attribute>
											</psis:attributes>
										</psis:child>
										<psis:child psis:name="HandlerConfiguration">
											<psis:attributes>
												<psis:attribute psis:name="value">
													<psis:stringNodeValue>soap11</psis:stringNodeValue>
												</psis:attribute>
												<psis:attribute psis:name="name">
													<psis:stringNodeValue>SoapHandler</psis:stringNodeValue>
												</psis:attribute>
											</psis:attributes>
										</psis:child>
									</psis:children>
								</psis:child>
								<psis:child psis:name="ChainConfiguration">
									<psis:attributes>
										<psis:attribute psis:name="handle">
											<psis:stringNodeValue>exception</psis:stringNodeValue>
										</psis:attribute>
									</psis:attributes>
									<psis:children>
										<psis:child psis:name="HandlerConfiguration">
											<psis:attributes>
												<psis:attribute psis:name="name">
													<psis:stringNodeValue>ExceptionHandler</psis:stringNodeValue>
												</psis:attribute>
												<psis:attribute psis:name="value">
													<psis:stringNodeValue>exception</psis:stringNodeValue>
												</psis:attribute>
											</psis:attributes>
										</psis:child>
										<psis:child psis:name="HandlerConfiguration">
											<psis:attributes>
												<psis:attribute psis:name="value">
													<psis:stringNodeValue>builder</psis:stringNodeValue>
												</psis:attribute>
												<psis:attribute psis:name="name">
													<psis:stringNodeValue>BuilderHandler</psis:stringNodeValue>
												</psis:attribute>
											</psis:attributes>
										</psis:child>
										<psis:child psis:name="HandlerConfiguration">
											<psis:attributes>
												<psis:attribute psis:name="value">
													<psis:stringNodeValue>soap11</psis:stringNodeValue>
												</psis:attribute>
												<psis:attribute psis:name="name">
													<psis:stringNodeValue>SoapHandler</psis:stringNodeValue>
												</psis:attribute>
											</psis:attributes>
										</psis:child>
									</psis:children>
								</psis:child>
							</psis:children>
						</psis:child>
						<psis:child psis:name="TargetConfiguration">
							<psis:attributes>
								<psis:attribute psis:name="id">
									<psis:stringNodeValue>dss</psis:stringNodeValue>
								</psis:attribute>
								<psis:attribute psis:name="listener">
									<psis:serviceIdNodeValue>MessageListenerServiceDSS</psis:serviceIdNodeValue>
								</psis:attribute>
								<psis:attribute psis:name="contentMimeType">
									<psis:stringNodeValue>application/dss</psis:stringNodeValue>
								</psis:attribute>
								<psis:attribute psis:name="transportMimeType">
									<psis:stringNodeValue>application/soap11</psis:stringNodeValue>
								</psis:attribute>
								<psis:attribute psis:name="responseContentType">
									<psis:stringNodeValue>text/xml</psis:stringNodeValue>
								</psis:attribute>
								<psis:attribute psis:name="responseCharset">
									<psis:stringNodeValue>UTF-8</psis:stringNodeValue>
								</psis:attribute>
								<psis:attribute psis:name="validateRequest">
									<psis:stringNodeValue>true</psis:stringNodeValue>
								</psis:attribute>
								<psis:attribute psis:name="validateResponse">
									<psis:stringNodeValue>false</psis:stringNodeValue>
								</psis:attribute>
								<psis:attribute psis:name="storeEvidences">
									<psis:stringNodeValue>true</psis:stringNodeValue>
								</psis:attribute>
								<psis:attribute psis:name="locale">
									<psis:stringNodeValue>ca</psis:stringNodeValue>
								</psis:attribute>
							</psis:attributes>
							<psis:children>
								<psis:child psis:name="ChainConfiguration">
									<psis:attributes>
										<psis:attribute psis:name="handle">
											<psis:stringNodeValue>request</psis:stringNodeValue>
										</psis:attribute>
									</psis:attributes>
									<psis:children>
										<psis:child psis:name="HandlerConfiguration">
											<psis:attributes>
												<psis:attribute psis:name="value">
													<psis:stringNodeValue>authentication</psis:stringNodeValue>
												</psis:attribute>
												<psis:attribute psis:name="name">
													<psis:stringNodeValue>AuthenticationHandler</psis:stringNodeValue>
												</psis:attribute>
											</psis:attributes>
										</psis:child>
										<psis:child psis:name="HandlerConfiguration">
											<psis:attributes>
												<psis:attribute psis:name="value">
													<psis:stringNodeValue>soap11</psis:stringNodeValue>
												</psis:attribute>
												<psis:attribute psis:name="name">
													<psis:stringNodeValue>SoapHandler</psis:stringNodeValue>
												</psis:attribute>
											</psis:attributes>
										</psis:child>
										<psis:child psis:name="HandlerConfiguration">
											<psis:attributes>
												<psis:attribute psis:name="value">
													<psis:stringNodeValue>builder</psis:stringNodeValue>
												</psis:attribute>
												<psis:attribute psis:name="name">
													<psis:stringNodeValue>BuilderHandler</psis:stringNodeValue>
												</psis:attribute>
											</psis:attributes>
										</psis:child>
									</psis:children>
								</psis:child>
								<psis:child psis:name="ChainConfiguration">
									<psis:attributes>
										<psis:attribute psis:name="handle">
											<psis:stringNodeValue>response</psis:stringNodeValue>
										</psis:attribute>
									</psis:attributes>
									<psis:children>
										<psis:child psis:name="HandlerConfiguration">
											<psis:attributes>
												<psis:attribute psis:name="value">
													<psis:stringNodeValue>builder</psis:stringNodeValue>
												</psis:attribute>
												<psis:attribute psis:name="name">
													<psis:stringNodeValue>BuilderHandler</psis:stringNodeValue>
												</psis:attribute>
											</psis:attributes>
										</psis:child>
										<psis:child psis:name="HandlerConfiguration">
											<psis:attributes>
												<psis:attribute psis:name="name">
													<psis:stringNodeValue>SoapHandler</psis:stringNodeValue>
												</psis:attribute>
												<psis:attribute psis:name="value">
													<psis:stringNodeValue>soap11</psis:stringNodeValue>
												</psis:attribute>
											</psis:attributes>
										</psis:child>
									</psis:children>
								</psis:child>
								<psis:child psis:name="ChainConfiguration">
									<psis:attributes>
										<psis:attribute psis:name="handle">
											<psis:stringNodeValue>exception</psis:stringNodeValue>
										</psis:attribute>
									</psis:attributes>
									<psis:children>
										<psis:child psis:name="HandlerConfiguration">
											<psis:attributes>
												<psis:attribute psis:name="name">
													<psis:stringNodeValue>ExceptionHandler</psis:stringNodeValue>
												</psis:attribute>
												<psis:attribute psis:name="value">
													<psis:stringNodeValue>exception</psis:stringNodeValue>
												</psis:attribute>
											</psis:attributes>
										</psis:child>
										<psis:child psis:name="HandlerConfiguration">
											<psis:attributes>
												<psis:attribute psis:name="value">
													<psis:stringNodeValue>builder</psis:stringNodeValue>
												</psis:attribute>
												<psis:attribute psis:name="name">
													<psis:stringNodeValue>BuilderHandler</psis:stringNodeValue>
												</psis:attribute>
											</psis:attributes>
										</psis:child>
										<psis:child psis:name="HandlerConfiguration">
											<psis:attributes>
												<psis:attribute psis:name="value">
													<psis:stringNodeValue>soap11</psis:stringNodeValue>
												</psis:attribute>
												<psis:attribute psis:name="name">
													<psis:stringNodeValue>SoapHandler</psis:stringNodeValue>
												</psis:attribute>
											</psis:attributes>
										</psis:child>
									</psis:children>
								</psis:child>
							</psis:children>
						</psis:child>
						<psis:child psis:name="TargetConfiguration">
							<psis:attributes>
								<psis:attribute psis:name="id">
									<psis:stringNodeValue>dsspdf</psis:stringNodeValue>
								</psis:attribute>
								<psis:attribute psis:name="listener">
									<psis:serviceIdNodeValue>MessageListenerServiceDSSPDF</psis:serviceIdNodeValue>
								</psis:attribute>
								<psis:attribute psis:name="contentMimeType">
									<psis:stringNodeValue>application/dsspdf</psis:stringNodeValue>
								</psis:attribute>
								<psis:attribute psis:name="transportMimeType">
									<psis:stringNodeValue>application/soap11</psis:stringNodeValue>
								</psis:attribute>
								<psis:attribute psis:name="responseContentType">
									<psis:stringNodeValue>text/xml</psis:stringNodeValue>
								</psis:attribute>
								<psis:attribute psis:name="responseCharset">
									<psis:stringNodeValue>UTF-8</psis:stringNodeValue>
								</psis:attribute>
								<psis:attribute psis:name="validateRequest">
									<psis:stringNodeValue>true</psis:stringNodeValue>
								</psis:attribute>
								<psis:attribute psis:name="validateResponse">
									<psis:stringNodeValue>false</psis:stringNodeValue>
								</psis:attribute>
								<psis:attribute psis:name="storeEvidences">
									<psis:stringNodeValue>true</psis:stringNodeValue>
								</psis:attribute>
								<psis:attribute psis:name="locale">
									<psis:stringNodeValue>ca</psis:stringNodeValue>
								</psis:attribute>
							</psis:attributes>
							<psis:children>
								<psis:child psis:name="ChainConfiguration">
									<psis:attributes>
										<psis:attribute psis:name="handle">
											<psis:stringNodeValue>request</psis:stringNodeValue>
										</psis:attribute>
									</psis:attributes>
									<psis:children>
										<psis:child psis:name="HandlerConfiguration">
											<psis:attributes>
												<psis:attribute psis:name="name">
													<psis:stringNodeValue>AuthenticationHandler</psis:stringNodeValue>
												</psis:attribute>
												<psis:attribute psis:name="value">
													<psis:stringNodeValue>authentication</psis:stringNodeValue>
												</psis:attribute>
											</psis:attributes>
										</psis:child>
										<psis:child psis:name="HandlerConfiguration">
											<psis:attributes>
												<psis:attribute psis:name="name">
													<psis:stringNodeValue>SoapHandler</psis:stringNodeValue>
												</psis:attribute>
												<psis:attribute psis:name="value">
													<psis:stringNodeValue>soap11</psis:stringNodeValue>
												</psis:attribute>
											</psis:attributes>
										</psis:child>
										<psis:child psis:name="HandlerConfiguration">
											<psis:attributes>
												<psis:attribute psis:name="value">
													<psis:stringNodeValue>builder</psis:stringNodeValue>
												</psis:attribute>
												<psis:attribute psis:name="name">
													<psis:stringNodeValue>BuilderHandler</psis:stringNodeValue>
												</psis:attribute>
											</psis:attributes>
										</psis:child>
									</psis:children>
								</psis:child>
								<psis:child psis:name="ChainConfiguration">
									<psis:attributes>
										<psis:attribute psis:name="handle">
											<psis:stringNodeValue>response</psis:stringNodeValue>
										</psis:attribute>
									</psis:attributes>
									<psis:children>
										<psis:child psis:name="HandlerConfiguration">
											<psis:attributes>
												<psis:attribute psis:name="value">
													<psis:stringNodeValue>builder</psis:stringNodeValue>
												</psis:attribute>
												<psis:attribute psis:name="name">
													<psis:stringNodeValue>BuilderHandler</psis:stringNodeValue>
												</psis:attribute>
											</psis:attributes>
										</psis:child>
										<psis:child psis:name="HandlerConfiguration">
											<psis:attributes>
												<psis:attribute psis:name="name">
													<psis:stringNodeValue>SoapHandler</psis:stringNodeValue>
												</psis:attribute>
												<psis:attribute psis:name="value">
													<psis:stringNodeValue>soap11</psis:stringNodeValue>
												</psis:attribute>
											</psis:attributes>
										</psis:child>
									</psis:children>
								</psis:child>
								<psis:child psis:name="ChainConfiguration">
									<psis:attributes>
										<psis:attribute psis:name="handle">
											<psis:stringNodeValue>exception</psis:stringNodeValue>
										</psis:attribute>
									</psis:attributes>
									<psis:children>
										<psis:child psis:name="HandlerConfiguration">
											<psis:attributes>
												<psis:attribute psis:name="name">
													<psis:stringNodeValue>ExceptionHandler</psis:stringNodeValue>
												</psis:attribute>
												<psis:attribute psis:name="value">
													<psis:stringNodeValue>exception</psis:stringNodeValue>
												</psis:attribute>
											</psis:attributes>
										</psis:child>
										<psis:child psis:name="HandlerConfiguration">
											<psis:attributes>
												<psis:attribute psis:name="value">
													<psis:stringNodeValue>builder</psis:stringNodeValue>
												</psis:attribute>
												<psis:attribute psis:name="name">
													<psis:stringNodeValue>BuilderHandler</psis:stringNodeValue>
												</psis:attribute>
											</psis:attributes>
										</psis:child>
										<psis:child psis:name="HandlerConfiguration">
											<psis:attributes>
												<psis:attribute psis:name="name">
													<psis:stringNodeValue>SoapHandler</psis:stringNodeValue>
												</psis:attribute>
												<psis:attribute psis:name="value">
													<psis:stringNodeValue>soap11</psis:stringNodeValue>
												</psis:attribute>
											</psis:attributes>
										</psis:child>
									</psis:children>
								</psis:child>
							</psis:children>
						</psis:child>
						<psis:child psis:name="TargetConfiguration">
							<psis:attributes>
								<psis:attribute psis:name="id">
									<psis:stringNodeValue>tsp</psis:stringNodeValue>
								</psis:attribute>
								<psis:attribute psis:name="listener">
									<psis:serviceIdNodeValue>MessageListenerServiceTSP</psis:serviceIdNodeValue>
								</psis:attribute>
								<psis:attribute psis:name="contentMimeType">
									<psis:stringNodeValue>application/tsp</psis:stringNodeValue>
								</psis:attribute>
								<psis:attribute psis:name="transportMimeType">
									<psis:stringNodeValue>application/timestamp-reply</psis:stringNodeValue>
								</psis:attribute>
								<psis:attribute psis:name="responseContentType">
									<psis:stringNodeValue>application/timestamp-reply</psis:stringNodeValue>
								</psis:attribute>
								<psis:attribute psis:name="validateRequest">
									<psis:stringNodeValue>false</psis:stringNodeValue>
								</psis:attribute>
								<psis:attribute psis:name="validateResponse">
									<psis:stringNodeValue>false</psis:stringNodeValue>
								</psis:attribute>
								<psis:attribute psis:name="storeEvidences">
									<psis:stringNodeValue>true</psis:stringNodeValue>
								</psis:attribute>
								<psis:attribute psis:name="locale">
									<psis:stringNodeValue>ca</psis:stringNodeValue>
								</psis:attribute>
							</psis:attributes>
							<psis:children>
								<psis:child psis:name="ChainConfiguration">
									<psis:attributes>
										<psis:attribute psis:name="handle">
											<psis:stringNodeValue>request</psis:stringNodeValue>
										</psis:attribute>
									</psis:attributes>
									<psis:children>
										<psis:child psis:name="HandlerConfiguration">
											<psis:attributes>
												<psis:attribute psis:name="value">
													<psis:stringNodeValue>authentication</psis:stringNodeValue>
												</psis:attribute>
												<psis:attribute psis:name="name">
													<psis:stringNodeValue>AuthenticationHandler</psis:stringNodeValue>
												</psis:attribute>
											</psis:attributes>
										</psis:child>
										<psis:child psis:name="HandlerConfiguration">
											<psis:attributes>
												<psis:attribute psis:name="value">
													<psis:stringNodeValue>tsp</psis:stringNodeValue>
												</psis:attribute>
												<psis:attribute psis:name="name">
													<psis:stringNodeValue>TSPHandler</psis:stringNodeValue>
												</psis:attribute>
											</psis:attributes>
										</psis:child>
									</psis:children>
								</psis:child>
								<psis:child psis:name="ChainConfiguration">
									<psis:attributes>
										<psis:attribute psis:name="handle">
											<psis:stringNodeValue>response</psis:stringNodeValue>
										</psis:attribute>
									</psis:attributes>
									<psis:children>
										<psis:child psis:name="HandlerConfiguration">
											<psis:attributes>
												<psis:attribute psis:name="value">
													<psis:stringNodeValue>authentication</psis:stringNodeValue>
												</psis:attribute>
												<psis:attribute psis:name="name">
													<psis:stringNodeValue>AuthenticationHandler</psis:stringNodeValue>
												</psis:attribute>
											</psis:attributes>
										</psis:child>
										<psis:child psis:name="HandlerConfiguration">
											<psis:attributes>
												<psis:attribute psis:name="value">
													<psis:stringNodeValue>tsp</psis:stringNodeValue>
												</psis:attribute>
												<psis:attribute psis:name="name">
													<psis:stringNodeValue>TSPHandler</psis:stringNodeValue>
												</psis:attribute>
											</psis:attributes>
										</psis:child>
									</psis:children>
								</psis:child>
								<psis:child psis:name="ChainConfiguration">
									<psis:attributes>
										<psis:attribute psis:name="handle">
											<psis:stringNodeValue>exception</psis:stringNodeValue>
										</psis:attribute>
									</psis:attributes>
									<psis:children>
										<psis:child psis:name="HandlerConfiguration">
											<psis:attributes>
												<psis:attribute psis:name="name">
													<psis:stringNodeValue>ExceptionHandler</psis:stringNodeValue>
												</psis:attribute>
												<psis:attribute psis:name="value">
													<psis:stringNodeValue>exception</psis:stringNodeValue>
												</psis:attribute>
											</psis:attributes>
										</psis:child>
										<psis:child psis:name="HandlerConfiguration">
											<psis:attributes>
												<psis:attribute psis:name="name">
													<psis:stringNodeValue>AuthenticationHandler</psis:stringNodeValue>
												</psis:attribute>
												<psis:attribute psis:name="value">
													<psis:stringNodeValue>authentication</psis:stringNodeValue>
												</psis:attribute>
											</psis:attributes>
										</psis:child>
										<psis:child psis:name="HandlerConfiguration">
											<psis:attributes>
												<psis:attribute psis:name="name">
													<psis:stringNodeValue>TSPHandler</psis:stringNodeValue>
												</psis:attribute>
												<psis:attribute psis:name="value">
													<psis:stringNodeValue>tsp</psis:stringNodeValue>
												</psis:attribute>
											</psis:attributes>
										</psis:child>
									</psis:children>
								</psis:child>
							</psis:children>
						</psis:child>
						<psis:child psis:name="TargetConfiguration">
							<psis:attributes>
								<psis:attribute psis:name="id">
									<psis:stringNodeValue>compound</psis:stringNodeValue>
								</psis:attribute>
								<psis:attribute psis:name="listener">
									<psis:serviceIdNodeValue>MessageListenerServiceDSSCompound</psis:serviceIdNodeValue>
								</psis:attribute>
								<psis:attribute psis:name="contentMimeType">
									<psis:stringNodeValue>application/dss</psis:stringNodeValue>
								</psis:attribute>
								<psis:attribute psis:name="transportMimeType">
									<psis:stringNodeValue>application/soap11</psis:stringNodeValue>
								</psis:attribute>
								<psis:attribute psis:name="responseContentType">
									<psis:stringNodeValue>text/xml</psis:stringNodeValue>
								</psis:attribute>
								<psis:attribute psis:name="responseCharset">
									<psis:stringNodeValue>UTF-8</psis:stringNodeValue>
								</psis:attribute>
								<psis:attribute psis:name="validateRequest">
									<psis:stringNodeValue>true</psis:stringNodeValue>
								</psis:attribute>
								<psis:attribute psis:name="validateResponse">
									<psis:stringNodeValue>true</psis:stringNodeValue>
								</psis:attribute>
								<psis:attribute psis:name="storeEvidences">
									<psis:stringNodeValue>true</psis:stringNodeValue>
								</psis:attribute>
								<psis:attribute psis:name="locale">
									<psis:stringNodeValue>ca</psis:stringNodeValue>
								</psis:attribute>
							</psis:attributes>
							<psis:children>
								<psis:child psis:name="ChainConfiguration">
									<psis:attributes>
										<psis:attribute psis:name="handle">
											<psis:stringNodeValue>request</psis:stringNodeValue>
										</psis:attribute>
									</psis:attributes>
									<psis:children>
										<psis:child psis:name="HandlerConfiguration">
											<psis:attributes>
												<psis:attribute psis:name="value">
													<psis:stringNodeValue>authentication</psis:stringNodeValue>
												</psis:attribute>
												<psis:attribute psis:name="name">
													<psis:stringNodeValue>AuthenticationHandler</psis:stringNodeValue>
												</psis:attribute>
											</psis:attributes>
										</psis:child>
										<psis:child psis:name="HandlerConfiguration">
											<psis:attributes>
												<psis:attribute psis:name="value">
													<psis:stringNodeValue>soap11</psis:stringNodeValue>
												</psis:attribute>
												<psis:attribute psis:name="name">
													<psis:stringNodeValue>SoapHandler</psis:stringNodeValue>
												</psis:attribute>
											</psis:attributes>
										</psis:child>
										<psis:child psis:name="HandlerConfiguration">
											<psis:attributes>
												<psis:attribute psis:name="value">
													<psis:stringNodeValue>builder</psis:stringNodeValue>
												</psis:attribute>
												<psis:attribute psis:name="name">
													<psis:stringNodeValue>BuilderHandler</psis:stringNodeValue>
												</psis:attribute>
											</psis:attributes>
										</psis:child>
									</psis:children>
								</psis:child>
								<psis:child psis:name="ChainConfiguration">
									<psis:attributes>
										<psis:attribute psis:name="handle">
											<psis:stringNodeValue>response</psis:stringNodeValue>
										</psis:attribute>
									</psis:attributes>
									<psis:children>
										<psis:child psis:name="HandlerConfiguration">
											<psis:attributes>
												<psis:attribute psis:name="value">
													<psis:stringNodeValue>builder</psis:stringNodeValue>
												</psis:attribute>
												<psis:attribute psis:name="name">
													<psis:stringNodeValue>BuilderHandler</psis:stringNodeValue>
												</psis:attribute>
											</psis:attributes>
										</psis:child>
										<psis:child psis:name="HandlerConfiguration">
											<psis:attributes>
												<psis:attribute psis:name="value">
													<psis:stringNodeValue>soap11</psis:stringNodeValue>
												</psis:attribute>
												<psis:attribute psis:name="name">
													<psis:stringNodeValue>SoapHandler</psis:stringNodeValue>
												</psis:attribute>
											</psis:attributes>
										</psis:child>
									</psis:children>
								</psis:child>
								<psis:child psis:name="ChainConfiguration">
									<psis:attributes>
										<psis:attribute psis:name="handle">
											<psis:stringNodeValue>exception</psis:stringNodeValue>
										</psis:attribute>
									</psis:attributes>
									<psis:children>
										<psis:child psis:name="HandlerConfiguration">
											<psis:attributes>
												<psis:attribute psis:name="name">
													<psis:stringNodeValue>ExceptionHandler</psis:stringNodeValue>
												</psis:attribute>
												<psis:attribute psis:name="value">
													<psis:stringNodeValue>exception</psis:stringNodeValue>
												</psis:attribute>
											</psis:attributes>
										</psis:child>
										<psis:child psis:name="HandlerConfiguration">
											<psis:attributes>
												<psis:attribute psis:name="value">
													<psis:stringNodeValue>builder</psis:stringNodeValue>
												</psis:attribute>
												<psis:attribute psis:name="name">
													<psis:stringNodeValue>BuilderHandler</psis:stringNodeValue>
												</psis:attribute>
											</psis:attributes>
										</psis:child>
										<psis:child psis:name="HandlerConfiguration">
											<psis:attributes>
												<psis:attribute psis:name="value">
													<psis:stringNodeValue>soap11</psis:stringNodeValue>
												</psis:attribute>
												<psis:attribute psis:name="name">
													<psis:stringNodeValue>SoapHandler</psis:stringNodeValue>
												</psis:attribute>
											</psis:attributes>
										</psis:child>
									</psis:children>
								</psis:child>
							</psis:children>
						</psis:child>
					</psis:children>
				</psis:config>
			</psis:serviceConfig>
			<psis:serviceConfig psis:target="MessageListenerServiceDSS">
				<psis:config psis:name="Config">
					<psis:attributes>
						<psis:attribute psis:name="IdentityManagerService">
							<psis:serviceIdNodeValue>IdentityManagerService</psis:serviceIdNodeValue>
						</psis:attribute>
						<psis:attribute psis:name="AuthenticationService">
							<psis:serviceIdNodeValue>AuthenticationService</psis:serviceIdNodeValue>
						</psis:attribute>
						<psis:attribute psis:name="ArchivalService">
							<psis:serviceIdNodeValue>ArchivalService</psis:serviceIdNodeValue>
						</psis:attribute>
						<psis:attribute psis:name="ConstraintMatchingService">
							<psis:serviceIdNodeValue>ConstraintMatchingService</psis:serviceIdNodeValue>
						</psis:attribute>
						<psis:attribute psis:name="DocumentValidationService">
							<psis:serviceIdNodeValue>DocumentValidationService</psis:serviceIdNodeValue>
						</psis:attribute>
						<psis:attribute psis:name="SignatureValidationService">
							<psis:serviceIdNodeValue>SignatureValidationService</psis:serviceIdNodeValue>
						</psis:attribute>
						<psis:attribute psis:name="SignatureBuilderService">
							<psis:serviceIdNodeValue>SignatureBuilderService</psis:serviceIdNodeValue>
						</psis:attribute>
						<psis:attribute psis:name="SigPolicyManagementService">
							<psis:serviceIdNodeValue>SigPolicyManagementService</psis:serviceIdNodeValue>
						</psis:attribute>
						<psis:attribute psis:name="BindingManagementService">
							<psis:serviceIdNodeValue>BindingManagementService</psis:serviceIdNodeValue>
						</psis:attribute>
						<psis:attribute psis:name="ScriptExecutionService">
							<psis:serviceIdNodeValue>ScriptExecutionService</psis:serviceIdNodeValue>
						</psis:attribute>
						<psis:attribute psis:name="SignatureCreationService">
							<psis:serviceIdNodeValue>SignatureCreationService</psis:serviceIdNodeValue>
						</psis:attribute>
						<psis:attribute psis:name="StructuredMessageService">
							<psis:serviceIdNodeValue>StructuredMessageService</psis:serviceIdNodeValue>
						</psis:attribute>
						<psis:attribute psis:name="ConstraintManagementService">
							<psis:serviceIdNodeValue>ConstraintManagementService</psis:serviceIdNodeValue>
						</psis:attribute>
						<psis:attribute psis:name="KeyResolutionService">
							<psis:serviceIdNodeValue>KeyResolutionService</psis:serviceIdNodeValue>
						</psis:attribute>
						<psis:attribute psis:name="CertificateRegistryService">
							<psis:serviceIdNodeValue>CertificateRegistryService</psis:serviceIdNodeValue>
						</psis:attribute>
						<psis:attribute psis:name="SignatureAttributeCreationService">
							<psis:serviceIdNodeValue>SignatureAttributeCreationService</psis:serviceIdNodeValue>
						</psis:attribute>
					</psis:attributes>
					<psis:children>
						<psis:child psis:name="EngineConfiguration">
							<psis:attributes>
								<psis:attribute psis:name="engineName">
									<psis:stringNodeValue>VerifyEngine</psis:stringNodeValue>
								</psis:attribute>
								<psis:attribute psis:name="servicePolicies">
									<psis:stringNodeValue>urn:netfocus:dss:servicepolicies:default</psis:stringNodeValue>
								</psis:attribute>
								<psis:attribute psis:name="serviceEntity">
									<psis:stringNodeValue>CN=Servei de Validacio,OU=Area de Tecnologia,OU=Vegeu https://www.aoc.cat/CATCert/Regulacio,O=Consorci Administraci\C3\B3 Oberta de Catalunya,C=ES</psis:stringNodeValue>
								</psis:attribute>
								<psis:attribute psis:name="requiresAuthentication">
									<psis:stringNodeValue>false</psis:stringNodeValue>
								</psis:attribute>
							</psis:attributes>
							<psis:children>
								<psis:child psis:name="SignatureForm">
									<psis:attributes>
										<psis:attribute psis:name="uri">
											<psis:stringNodeValue>urn:oasis:names:tc:dss:1.0:profiles:XAdES:forms:ES-A</psis:stringNodeValue>
										</psis:attribute>
									</psis:attributes>
								</psis:child>
								<psis:child psis:name="SignatureForm">
									<psis:attributes>
										<psis:attribute psis:name="uri">
											<psis:stringNodeValue>urn:oasis:names:tc:dss:1.0:profiles:XAdES:forms:ES-X-L-Type-2</psis:stringNodeValue>
										</psis:attribute>
									</psis:attributes>
								</psis:child>
								<psis:child psis:name="SignatureForm">
									<psis:attributes>
										<psis:attribute psis:name="uri">
											<psis:stringNodeValue>urn:oasis:names:tc:dss:1.0:profiles:XAdES:forms:ES-X-L-Type-1</psis:stringNodeValue>
										</psis:attribute>
									</psis:attributes>
								</psis:child>
								<psis:child psis:name="SignatureForm">
									<psis:attributes>
										<psis:attribute psis:name="uri">
											<psis:stringNodeValue>urn:oasis:names:tc:dss:1.0:profiles:XAdES:forms:ES-X-Type-2</psis:stringNodeValue>
										</psis:attribute>
									</psis:attributes>
								</psis:child>
								<psis:child psis:name="SignatureForm">
									<psis:attributes>
										<psis:attribute psis:name="uri">
											<psis:stringNodeValue>urn:oasis:names:tc:dss:1.0:profiles:XAdES:forms:ES-X-Type-1</psis:stringNodeValue>
										</psis:attribute>
									</psis:attributes>
								</psis:child>
								<psis:child psis:name="SignatureForm">
									<psis:attributes>
										<psis:attribute psis:name="uri">
											<psis:stringNodeValue>urn:oasis:names:tc:dss:1.0:profiles:XAdES:forms:ES-C</psis:stringNodeValue>
										</psis:attribute>
									</psis:attributes>
								</psis:child>
								<psis:child psis:name="SignatureForm">
									<psis:attributes>
										<psis:attribute psis:name="uri">
											<psis:stringNodeValue>urn:oasis:names:tc:dss:1.0:profiles:XAdES:forms:ES-T</psis:stringNodeValue>
										</psis:attribute>
									</psis:attributes>
								</psis:child>
								<psis:child psis:name="SignatureForm">
									<psis:attributes>
										<psis:attribute psis:name="uri">
											<psis:stringNodeValue>urn:oasis:names:tc:dss:1.0:profiles:XAdES:forms:EPES</psis:stringNodeValue>
										</psis:attribute>
									</psis:attributes>
								</psis:child>
								<psis:child psis:name="SignatureForm">
									<psis:attributes>
										<psis:attribute psis:name="uri">
											<psis:stringNodeValue>urn:oasis:names:tc:dss:1.0:profiles:XAdES:forms:BES</psis:stringNodeValue>
										</psis:attribute>
									</psis:attributes>
								</psis:child>
							</psis:children>
						</psis:child>
						<psis:child psis:name="EngineConfiguration">
							<psis:attributes>
								<psis:attribute psis:name="engineName">
									<psis:stringNodeValue>SignEngine</psis:stringNodeValue>
								</psis:attribute>
								<psis:attribute psis:name="servicePolicies">
									<psis:stringNodeValue>urn:netfocus:dss:servicepolicies:default</psis:stringNodeValue>
								</psis:attribute>
								<psis:attribute psis:name="serviceEntity">
									<psis:stringNodeValue>CN=Servei de Validacio,OU=Area de Tecnologia,OU=Vegeu https://www.aoc.cat/CATCert/Regulacio,O=Consorci Administraci\C3\B3 Oberta de Catalunya,C=ES</psis:stringNodeValue>
								</psis:attribute>
								<psis:attribute psis:name="requiresAuthentication">
									<psis:stringNodeValue>false</psis:stringNodeValue>
								</psis:attribute>
							</psis:attributes>
							<psis:children>
								<psis:child psis:name="SignatureForm">
									<psis:attributes>
										<psis:attribute psis:name="uri">
											<psis:stringNodeValue>urn:oasis:names:tc:dss:1.0:profiles:XAdES:forms:ES-A</psis:stringNodeValue>
										</psis:attribute>
									</psis:attributes>
								</psis:child>
								<psis:child psis:name="SignatureForm">
									<psis:attributes>
										<psis:attribute psis:name="uri">
											<psis:stringNodeValue>urn:oasis:names:tc:dss:1.0:profiles:XAdES:forms:ES-X-L-Type-2</psis:stringNodeValue>
										</psis:attribute>
									</psis:attributes>
								</psis:child>
								<psis:child psis:name="SignatureForm">
									<psis:attributes>
										<psis:attribute psis:name="uri">
											<psis:stringNodeValue>urn:oasis:names:tc:dss:1.0:profiles:XAdES:forms:ES-X-L-Type-1</psis:stringNodeValue>
										</psis:attribute>
									</psis:attributes>
								</psis:child>
								<psis:child psis:name="SignatureForm">
									<psis:attributes>
										<psis:attribute psis:name="uri">
											<psis:stringNodeValue>urn:oasis:names:tc:dss:1.0:profiles:XAdES:forms:ES-X-Type-2</psis:stringNodeValue>
										</psis:attribute>
									</psis:attributes>
								</psis:child>
								<psis:child psis:name="SignatureForm">
									<psis:attributes>
										<psis:attribute psis:name="uri">
											<psis:stringNodeValue>urn:oasis:names:tc:dss:1.0:profiles:XAdES:forms:ES-X-Type-1</psis:stringNodeValue>
										</psis:attribute>
									</psis:attributes>
								</psis:child>
								<psis:child psis:name="SignatureForm">
									<psis:attributes>
										<psis:attribute psis:name="uri">
											<psis:stringNodeValue>urn:oasis:names:tc:dss:1.0:profiles:XAdES:forms:ES-C</psis:stringNodeValue>
										</psis:attribute>
									</psis:attributes>
								</psis:child>
								<psis:child psis:name="SignatureForm">
									<psis:attributes>
										<psis:attribute psis:name="uri">
											<psis:stringNodeValue>urn:oasis:names:tc:dss:1.0:profiles:XAdES:forms:ES-T</psis:stringNodeValue>
										</psis:attribute>
									</psis:attributes>
								</psis:child>
								<psis:child psis:name="SignatureForm">
									<psis:attributes>
										<psis:attribute psis:name="uri">
											<psis:stringNodeValue>urn:oasis:names:tc:dss:1.0:profiles:XAdES:forms:EPES</psis:stringNodeValue>
										</psis:attribute>
									</psis:attributes>
								</psis:child>
								<psis:child psis:name="SignatureForm">
									<psis:attributes>
										<psis:attribute psis:name="uri">
											<psis:stringNodeValue>urn:oasis:names:tc:dss:1.0:profiles:XAdES:forms:BES</psis:stringNodeValue>
										</psis:attribute>
									</psis:attributes>
								</psis:child>
							</psis:children>
						</psis:child>
						<psis:child psis:name="EngineConfiguration">
							<psis:attributes>
								<psis:attribute psis:name="engineName">
									<psis:stringNodeValue>ArchiveEngine</psis:stringNodeValue>
								</psis:attribute>
								<psis:attribute psis:name="servicePolicies">
									<psis:stringNodeValue>urn:netfocus:dss:servicepolicies:default</psis:stringNodeValue>
								</psis:attribute>
								<psis:attribute psis:name="requiresAuthentication">
									<psis:stringNodeValue>true</psis:stringNodeValue>
								</psis:attribute>
								<psis:attribute psis:name="serviceEntity">
									<psis:stringNodeValue>CN=Servei de Validacio,OU=Area de Tecnologia,OU=Vegeu https://www.aoc.cat/CATCert/Regulacio,O=Consorci Administraci\C3\B3 Oberta de Catalunya,C=ES</psis:stringNodeValue>
								</psis:attribute>
							</psis:attributes>
						</psis:child>
					</psis:children>
				</psis:config>
			</psis:serviceConfig>
		</psis:servicesConfig>
	</psis:productConfig>
</psis:configDescriptor>
