<psis:productDescriptor xmlns:psis="xmlbeans://console.psis/descriptors"
    xmlns:xsi="http://www.w3.org/2001/XMLSchema-instance"
    xsi:schemaLocation="xmlbeans://console.psis/descriptors ../xsd/ProductDescriptor.xsd">
    <!--Defines Signature Factory PSIS product-->
    <psis:productData>
        <psis:name>SignatureFactory</psis:name>
        <psis:release>atlantis</psis:release>
    </psis:productData>
    <psis:serviceDependencies>
        <psis:serviceDependency psis:type="psis.service:structuredmessage"/>
        <psis:serviceDependency psis:type="psis.service:messagedigester"/>
        <psis:serviceDependency psis:type="psis.service:signaturecreator"/>
        <psis:serviceDependency psis:type="psis.service:keyresolution"/>
        <psis:serviceDependency psis:type="psis.service:beanfactory"/>
        <psis:serviceDependency psis:type="psis.service:signatureattributecreation"/>
        <psis:serviceDependency psis:type="psis.service:resourceresolver"/>
        <psis:serviceDependency psis:type="psis.service:communication"/>
        <psis:serviceDependency psis:type="psis.service:time"/>
        <psis:serviceDependency psis:type="psis.service:signaturebuilder"/>
        <psis:serviceDependency psis:type="psis.service:securerandom"/>
        <psis:serviceDependency psis:type="psis.service:messagedigest"/>
        <psis:serviceDependency psis:type="psis.service:bindingmanagement"/>
        <psis:serviceDependency psis:type="psis.service:identitymanagement"/>
        <psis:serviceDependency psis:type="psis.service:certificatemanagement"/>
        <psis:serviceDependency psis:type="psis.service:keymanagement"/>
        <psis:serviceDependency psis:type="psis.service:certificatevalidation"/>
    </psis:serviceDependencies>
    <psis:productServices>
        <psis:productService psis:binding="signaturepducreation.cms.atlantis:service" psis:name="CMSPDUCreationService"/>
        <psis:productService psis:binding="signaturepducreation.xmldsig.atlantis:service" psis:name="XMLDSigPDUCreationService"/>
        <psis:productService psis:binding="timestamppducreation.cms.atlantis:service" psis:name="CMSTimestampPDUCreationService"/>
        <psis:productService psis:binding="timestamppducreation.xmldsig.atlantis:service" psis:name="XMLTimestampPDUCreationService"/>
        <psis:productService psis:binding="signaturecreation.atlantis:service" psis:name="SignatureCreationService"/>
    </psis:productServices>
</psis:productDescriptor>
