<?xml version="1.0" encoding="UTF-8"?>
<!--Defines PSIS Identity Management Product-->
<psis:productDescriptor xmlns:psis="xmlbeans://console.psis/descriptors" 
	xmlns:xsi="http://www.w3.org/2001/XMLSchema-instance" 
	xsi:schemaLocation="xmlbeans://console.psis/descriptors ../xsd/ProductDescriptor.xsd">
  <psis:productData>
    <psis:name>IdentityManagement</psis:name>
    <psis:release>atlantis</psis:release>
  </psis:productData>
	<psis:serviceDependencies>
		<psis:serviceDependency psis:type="psis.service:dbcertstore"/>
		<psis:serviceDependency psis:type="psis.service:keymanagement"/>
		<psis:serviceDependency psis:type="psis.service:dbcertstore"/>
		<psis:serviceDependency psis:type="psis.service:orm"/>
		<psis:serviceDependency psis:type="psis.service:time"/>
	</psis:serviceDependencies>
	<psis:productServices>
		<psis:productService psis:binding="certificatemanagement.atlantis:service" psis:name="CertificateManagementService"/>
		<psis:productService psis:binding="bindingmanagement.atlantis:service" psis:name="BindingManagementService"/>
		<psis:productService psis:binding="psis.identitymanager.atlantis:service" psis:name="IdentityManagerService"/>
		<psis:productService psis:binding="attributemanager.atlantis:service" psis:name="AttributeManagerService"/>
	</psis:productServices>
</psis:productDescriptor>