<?xml version="1.0" encoding="UTF-8"?>
<!--Defines PDF Lite PSIS product-->
<psis:productDescriptor xmlns:psis="xmlbeans://console.psis/descriptors" 
    xmlns:xsi="http://www.w3.org/2001/XMLSchema-instance" 
    xsi:schemaLocation="xmlbeans://console.psis/descriptors ../xsd/ProductDescriptor.xsd">
    <psis:productData>
        <psis:name>PDFLite</psis:name>
        <psis:release>atlantis</psis:release>
    </psis:productData>
    <!--Defines PDFLite service's dependencies-->
    <psis:serviceDependencies>
        <psis:serviceDependency psis:type="psis.service:signaturevalidation"/>
        <psis:serviceDependency psis:type="psis.service:signaturebuilder"/>
        <psis:serviceDependency psis:type="psis.service:structuredmessage"/>
    </psis:serviceDependencies>
    <psis:productServices>
        <psis:productService psis:binding="messagelistener.atlantis.dsspdf:service" psis:name="MessageListenerServiceDSSPDF"/>
    </psis:productServices>
</psis:productDescriptor>