<?xml version="1.0" encoding="UTF-8"?>
<!--Defines Scheduler PSIS product-->
<psis:productDescriptor xmlns:psis="xmlbeans://console.psis/descriptors" 
    xmlns:xsi="http://www.w3.org/2001/XMLSchema-instance" 
    xsi:schemaLocation="xmlbeans://console.psis/descriptors ../xsd/ProductDescriptor.xsd">
    <psis:productData>
        <psis:name>Scheduler</psis:name>
        <psis:release>atlantis</psis:release>
    </psis:productData>
    <psis:productServices>
        <psis:productService psis:binding="scheduler.atlantis:service" psis:name="SchedulerService"/>
    </psis:productServices>
</psis:productDescriptor>