<?xml version="1.0" encoding="UTF-8"?>
<!--Defines Certificate registry product
    This product includes a single service called certificate registry that allows
    DSS and gateway VA service to perform a restriction over the certificate's certification policies
    that are allowed and to map those policies and the given certificate to the attribute extraction strategy
    required to perform the attribute extraction 
-->
<psis:productDescriptor xmlns:psis="xmlbeans://console.psis/descriptors" 
	xmlns:xsi="http://www.w3.org/2001/XMLSchema-instance" 
	xsi:schemaLocation="xmlbeans://console.psis/descriptors ../xsd/ProductDescriptor.xsd">
  <psis:productData>
    <psis:name>CertificateRegistry</psis:name>
    <psis:release>atlantis</psis:release>
  </psis:productData>
	<psis:serviceDependencies/>
  <psis:productServices>
	  <!--Defines certificate registry services -->
	  <psis:productService psis:binding="certificateregistry.atlantis:service" psis:name="CertificateRegistryService"/>
  </psis:productServices>
</psis:productDescriptor>
