<?xml version="1.0" encoding="UTF-8"?>
<!--Defines Archival PSIS product-->
<psis:productDescriptor xmlns:psis="xmlbeans://console.psis/descriptors" 
    xmlns:xsi="http://www.w3.org/2001/XMLSchema-instance" 
    xsi:schemaLocation="xmlbeans://console.psis/descriptors ../xsd/ProductDescriptor.xsd">
    <psis:productData>
        <psis:name>Archival</psis:name>
        <psis:release>atlantis</psis:release>
    </psis:productData>
    <!--Defines Authentication service's dependencies, mainly needs a signature validation service to perform
		message authentication-->
    <psis:serviceDependencies>
        <psis:serviceDependency psis:type="psis.service:signaturecreation"/>
        <psis:serviceDependency psis:type="psis.service:time"/>
        <psis:serviceDependency psis:type="psis.service:orm"/>
        <psis:serviceDependency psis:type="psis.service:signaturevalidation"/>
        <psis:serviceDependency psis:type="psis.service:structuredmessage"/>
        <psis:serviceDependency psis:type="psis.service:signaturebuilder"/>
        <psis:serviceDependency psis:type="psis.service:messagedigest"/>
    </psis:serviceDependencies>
    <psis:productServices>
        <!--Auth may require additional services from validation layers-->
        <psis:productService psis:binding="archival.atlantis:service" psis:name="ArchivalService"/>
    </psis:productServices>
</psis:productDescriptor>