<?xml version="1.0" encoding="UTF-8"?>
<!--Archival configuration-->
<psis:configDescriptor xmlns:psis="xmlbeans://console.psis/descriptors" xmlns:xsi="http://www.w3.org/2001/XMLSchema-instance" 
    xsi:schemaLocation="xmlbeans://console.psis/descriptors ../xsd/ConfigDescriptor.xsd">
    <psis:productConfig psis:targetName="Archival" psis:targetRelease="atlantis">
        <psis:servicesConfig>
            <psis:serviceConfig psis:target="ArchivalService">
                <psis:config psis:name="Config">
                    <psis:attributes>
                        <psis:attribute psis:name="ORMService">
                            <psis:serviceIdNodeValue>ORMService</psis:serviceIdNodeValue>
                        </psis:attribute>
                        <psis:attribute psis:name="SignatureBuilderService">
                            <psis:serviceIdNodeValue>SignatureBuilderService</psis:serviceIdNodeValue>
                        </psis:attribute>
                        <psis:attribute psis:name="MessageDigestService">
                            <psis:serviceIdNodeValue>MessageDigestService</psis:serviceIdNodeValue>
                        </psis:attribute>
                        <psis:attribute psis:name="TimeService">
                            <psis:serviceIdNodeValue>TimeService</psis:serviceIdNodeValue>
                        </psis:attribute>
                        <psis:attribute psis:name="SignatureCreationService">
                            <psis:serviceIdNodeValue>SignatureCreationService</psis:serviceIdNodeValue>
                        </psis:attribute>
                        <psis:attribute psis:name="defaultArchivalPolicy">
                            <psis:stringNodeValue>12</psis:stringNodeValue>
                        </psis:attribute>
                        <psis:attribute psis:name="SchedulerService">
                            <psis:serviceIdNodeValue>SchedulerService</psis:serviceIdNodeValue>
                        </psis:attribute>
                        <psis:attribute psis:name="AuthenticationService">
                            <psis:serviceIdNodeValue>AuthenticationService</psis:serviceIdNodeValue>
                        </psis:attribute>
                        
                        <psis:attribute psis:name="StructuredMessageService">
                            <psis:serviceIdNodeValue>StructuredMessageService</psis:serviceIdNodeValue>
                        </psis:attribute>
                        <psis:attribute psis:name="SignatureValidationService">
                            <psis:serviceIdNodeValue>SignatureValidationService</psis:serviceIdNodeValue>
                        </psis:attribute>
                    </psis:attributes>
                    <psis:children>
                        <psis:child psis:name="ArchivalPolicy">
                            <psis:attributes>
                                <psis:attribute psis:name="stampCryptographicMesure">
                                    <psis:stringNodeValue>TIMESTAMP</psis:stringNodeValue>
                                </psis:attribute>
                                <psis:attribute psis:name="stampFrequency">
                                    <psis:stringNodeValue>36000</psis:stringNodeValue>
                                </psis:attribute>
                                <psis:attribute psis:name="evictionMethod">
                                    <psis:stringNodeValue>Preserve</psis:stringNodeValue>
                                </psis:attribute>
                                <psis:attribute psis:name="retentionPeriod">
                                    <psis:stringNodeValue>P3Y6M10D</psis:stringNodeValue>
                                </psis:attribute>
                                <psis:attribute psis:name="notAfter">
                                    <psis:stringNodeValue>31/12/2009</psis:stringNodeValue>
                                </psis:attribute>
                                <psis:attribute psis:name="algorithm">
                                    <psis:stringNodeValue>SHA1</psis:stringNodeValue>
                                </psis:attribute>
                                <psis:attribute psis:name="timestampType">
                                    <psis:stringNodeValue>XML</psis:stringNodeValue>
                                </psis:attribute>
                                <psis:attribute psis:name="pid">
                                    <psis:stringNodeValue>1</psis:stringNodeValue>
                                </psis:attribute>
                                <psis:attribute psis:name="notBefore">
                                    <psis:stringNodeValue>01/08/2005</psis:stringNodeValue>
                                </psis:attribute>
                                <psis:attribute psis:name="creationDate">
                                    <psis:stringNodeValue>01/08/2005</psis:stringNodeValue>
                                </psis:attribute>
                                <psis:attribute psis:name="name">
                                    <psis:stringNodeValue>ArchivalPolicy</psis:stringNodeValue>
                                </psis:attribute>
                                <psis:attribute psis:name="enabled">
                                    <psis:stringNodeValue>true</psis:stringNodeValue>
                                </psis:attribute>
                            </psis:attributes>
                        </psis:child>
                        <psis:child psis:name="ArchivalPolicy">
                            <psis:attributes>
                                <psis:attribute psis:name="algorithm">
                                    <psis:stringNodeValue>SHA1</psis:stringNodeValue>
                                </psis:attribute>
                                <psis:attribute psis:name="notBefore">
                                    <psis:stringNodeValue>01/08/2005</psis:stringNodeValue>
                                </psis:attribute>
                                <psis:attribute psis:name="name">
                                    <psis:stringNodeValue>ArchivalPolicy</psis:stringNodeValue>
                                </psis:attribute>
                                <psis:attribute psis:name="stampFrequency">
                                    <psis:stringNodeValue>36000</psis:stringNodeValue>
                                </psis:attribute>
                                <psis:attribute psis:name="pid">
                                    <psis:stringNodeValue>2</psis:stringNodeValue>
                                </psis:attribute>
                                <psis:attribute psis:name="notAfter">
                                    <psis:stringNodeValue>31/10/2009</psis:stringNodeValue>
                                </psis:attribute>
                                <psis:attribute psis:name="enabled">
                                    <psis:stringNodeValue>true</psis:stringNodeValue>
                                </psis:attribute>
                                <psis:attribute psis:name="stampCryptographicMesure">
                                    <psis:stringNodeValue>TIMESTAMP</psis:stringNodeValue>
                                </psis:attribute>
                                <psis:attribute psis:name="retentionPeriod">
                                    <psis:stringNodeValue>P3Y6M10D</psis:stringNodeValue>
                                </psis:attribute>
                                <psis:attribute psis:name="timestampType">
                                    <psis:stringNodeValue>XML</psis:stringNodeValue>
                                </psis:attribute>
                                <psis:attribute psis:name="evictionMethod">
                                    <psis:stringNodeValue>Preserve</psis:stringNodeValue>
                                </psis:attribute>
                                <psis:attribute psis:name="creationDate">
                                    <psis:stringNodeValue>01/08/2005</psis:stringNodeValue>
                                </psis:attribute>
                            </psis:attributes>
                        </psis:child>
                        <psis:child psis:name="ArchivalPolicy">
                            <psis:attributes>
                                <psis:attribute psis:name="retentionPeriod">
                                    <psis:stringNodeValue>P3Y6M10D</psis:stringNodeValue>
                                </psis:attribute>
                                <psis:attribute psis:name="name">
                                    <psis:stringNodeValue>ArchivalPolicy</psis:stringNodeValue>
                                </psis:attribute>
                                <psis:attribute psis:name="stampFrequency">
                                    <psis:stringNodeValue>1</psis:stringNodeValue>
                                </psis:attribute>
                                <psis:attribute psis:name="stampCryptographicMesure">
                                    <psis:stringNodeValue>TIMESTAMP</psis:stringNodeValue>
                                </psis:attribute>
                                <psis:attribute psis:name="notAfter">
                                    <psis:stringNodeValue>31/10/2009</psis:stringNodeValue>
                                </psis:attribute>
                                <psis:attribute psis:name="enabled">
                                    <psis:stringNodeValue>true</psis:stringNodeValue>
                                </psis:attribute>
                                <psis:attribute psis:name="notBefore">
                                    <psis:stringNodeValue>01/08/2005</psis:stringNodeValue>
                                </psis:attribute>
                                <psis:attribute psis:name="algorithm">
                                    <psis:stringNodeValue>SHA1</psis:stringNodeValue>
                                </psis:attribute>
                                <psis:attribute psis:name="pid">
                                    <psis:stringNodeValue>3</psis:stringNodeValue>
                                </psis:attribute>
                                <psis:attribute psis:name="creationDate">
                                    <psis:stringNodeValue>01/08/2005</psis:stringNodeValue>
                                </psis:attribute>
                                <psis:attribute psis:name="timestampType">
                                    <psis:stringNodeValue>XML</psis:stringNodeValue>
                                </psis:attribute>
                                <psis:attribute psis:name="evictionMethod">
                                    <psis:stringNodeValue>Preserve</psis:stringNodeValue>
                                </psis:attribute>
                            </psis:attributes>
                        </psis:child>
                        <psis:child psis:name="ArchivalPolicy">
                            <psis:attributes>
                                <psis:attribute psis:name="retentionPeriod">
                                    <psis:stringNodeValue>P3Y6M10D</psis:stringNodeValue>
                                </psis:attribute>
                                <psis:attribute psis:name="stampCryptographicMesure">
                                    <psis:stringNodeValue>TIMESTAMP</psis:stringNodeValue>
                                </psis:attribute>
                                <psis:attribute psis:name="name">
                                    <psis:stringNodeValue>ArchivalPolicy</psis:stringNodeValue>
                                </psis:attribute>
                                <psis:attribute psis:name="stampFrequency">
                                    <psis:stringNodeValue>36000</psis:stringNodeValue>
                                </psis:attribute>
                                <psis:attribute psis:name="timestampType">
                                    <psis:stringNodeValue>XML</psis:stringNodeValue>
                                </psis:attribute>
                                <psis:attribute psis:name="pid">
                                    <psis:stringNodeValue>4</psis:stringNodeValue>
                                </psis:attribute>
                                <psis:attribute psis:name="notAfter">
                                    <psis:stringNodeValue>15/10/2006</psis:stringNodeValue>
                                </psis:attribute>
                                <psis:attribute psis:name="evictionMethod">
                                    <psis:stringNodeValue>Preserve</psis:stringNodeValue>
                                </psis:attribute>
                                <psis:attribute psis:name="notBefore">
                                    <psis:stringNodeValue>01/08/2005</psis:stringNodeValue>
                                </psis:attribute>
                                <psis:attribute psis:name="creationDate">
                                    <psis:stringNodeValue>01/08/2005</psis:stringNodeValue>
                                </psis:attribute>
                                <psis:attribute psis:name="algorithm">
                                    <psis:stringNodeValue>SHA1</psis:stringNodeValue>
                                </psis:attribute>
                                <psis:attribute psis:name="enabled">
                                    <psis:stringNodeValue>true</psis:stringNodeValue>
                                </psis:attribute>
                            </psis:attributes>
                        </psis:child>
                        <psis:child psis:name="ArchivalPolicy">
                            <psis:attributes>
                                <psis:attribute psis:name="retentionPeriod">
                                    <psis:stringNodeValue>-P3Y6M10D</psis:stringNodeValue>
                                </psis:attribute>
                                <psis:attribute psis:name="name">
                                    <psis:stringNodeValue>ArchivalPolicy</psis:stringNodeValue>
                                </psis:attribute>
                                <psis:attribute psis:name="notBefore">
                                    <psis:stringNodeValue>01/08/2005</psis:stringNodeValue>
                                </psis:attribute>
                                <psis:attribute psis:name="timestampType">
                                    <psis:stringNodeValue>XML</psis:stringNodeValue>
                                </psis:attribute>
                                <psis:attribute psis:name="creationDate">
                                    <psis:stringNodeValue>01/08/2005</psis:stringNodeValue>
                                </psis:attribute>
                                <psis:attribute psis:name="notAfter">
                                    <psis:stringNodeValue>31/10/2006</psis:stringNodeValue>
                                </psis:attribute>
                                <psis:attribute psis:name="stampFrequency">
                                    <psis:stringNodeValue>36000</psis:stringNodeValue>
                                </psis:attribute>
                                <psis:attribute psis:name="algorithm">
                                    <psis:stringNodeValue>SHA1</psis:stringNodeValue>
                                </psis:attribute>
                                <psis:attribute psis:name="stampCryptographicMesure">
                                    <psis:stringNodeValue>TIMESTAMP</psis:stringNodeValue>
                                </psis:attribute>
                                <psis:attribute psis:name="pid">
                                    <psis:stringNodeValue>5</psis:stringNodeValue>
                                </psis:attribute>
                                <psis:attribute psis:name="enabled">
                                    <psis:stringNodeValue>true</psis:stringNodeValue>
                                </psis:attribute>
                                <psis:attribute psis:name="evictionMethod">
                                    <psis:stringNodeValue>Delete</psis:stringNodeValue>
                                </psis:attribute>
                            </psis:attributes>
                        </psis:child>
                        <psis:child psis:name="ArchivalPolicy">
                            <psis:attributes>
                                <psis:attribute psis:name="algorithm">
                                    <psis:stringNodeValue>SHA1</psis:stringNodeValue>
                                </psis:attribute>
                                <psis:attribute psis:name="evictionMethod">
                                    <psis:stringNodeValue>Preserve</psis:stringNodeValue>
                                </psis:attribute>
                                <psis:attribute psis:name="stampFrequency">
                                    <psis:stringNodeValue>36000</psis:stringNodeValue>
                                </psis:attribute>
                                <psis:attribute psis:name="enabled">
                                    <psis:stringNodeValue>true</psis:stringNodeValue>
                                </psis:attribute>
                                <psis:attribute psis:name="timestampType">
                                    <psis:stringNodeValue>XML</psis:stringNodeValue>
                                </psis:attribute>
                                <psis:attribute psis:name="notAfter">
                                    <psis:stringNodeValue>1/08/2005</psis:stringNodeValue>
                                </psis:attribute>
                                <psis:attribute psis:name="creationDate">
                                    <psis:stringNodeValue>01/08/2005</psis:stringNodeValue>
                                </psis:attribute>
                                <psis:attribute psis:name="retentionPeriod">
                                    <psis:stringNodeValue>P3Y6M10D</psis:stringNodeValue>
                                </psis:attribute>
                                <psis:attribute psis:name="pid">
                                    <psis:stringNodeValue>6</psis:stringNodeValue>
                                </psis:attribute>
                                <psis:attribute psis:name="name">
                                    <psis:stringNodeValue>ArchivalPolicy</psis:stringNodeValue>
                                </psis:attribute>
                                <psis:attribute psis:name="stampCryptographicMesure">
                                    <psis:stringNodeValue>TIMESTAMP</psis:stringNodeValue>
                                </psis:attribute>
                                <psis:attribute psis:name="notBefore">
                                    <psis:stringNodeValue>01/08/2005</psis:stringNodeValue>
                                </psis:attribute>
                            </psis:attributes>
                        </psis:child>
                        <psis:child psis:name="ArchivalPolicy">
                            <psis:attributes>
                                <psis:attribute psis:name="evictionMethod">
                                    <psis:stringNodeValue>Preserve</psis:stringNodeValue>
                                </psis:attribute>
                                <psis:attribute psis:name="algorithm">
                                    <psis:stringNodeValue>SHA1</psis:stringNodeValue>
                                </psis:attribute>
                                <psis:attribute psis:name="stampCryptographicMesure">
                                    <psis:stringNodeValue>TIMESTAMP</psis:stringNodeValue>
                                </psis:attribute>
                                <psis:attribute psis:name="notAfter">
                                    <psis:stringNodeValue>2/08/2005</psis:stringNodeValue>
                                </psis:attribute>
                                <psis:attribute psis:name="timestampType">
                                    <psis:stringNodeValue>XML</psis:stringNodeValue>
                                </psis:attribute>
                                <psis:attribute psis:name="pid">
                                    <psis:stringNodeValue>7</psis:stringNodeValue>
                                </psis:attribute>
                                <psis:attribute psis:name="retentionPeriod">
                                    <psis:stringNodeValue>P3Y6M10D</psis:stringNodeValue>
                                </psis:attribute>
                                <psis:attribute psis:name="creationDate">
                                    <psis:stringNodeValue>01/08/2005</psis:stringNodeValue>
                                </psis:attribute>
                                <psis:attribute psis:name="enabled">
                                    <psis:stringNodeValue>true</psis:stringNodeValue>
                                </psis:attribute>
                                <psis:attribute psis:name="name">
                                    <psis:stringNodeValue>ArchivalPolicy</psis:stringNodeValue>
                                </psis:attribute>
                                <psis:attribute psis:name="stampFrequency">
                                    <psis:stringNodeValue>36000</psis:stringNodeValue>
                                </psis:attribute>
                                <psis:attribute psis:name="notBefore">
                                    <psis:stringNodeValue>01/08/2005</psis:stringNodeValue>
                                </psis:attribute>
                            </psis:attributes>
                        </psis:child>
                        <psis:child psis:name="ArchivalPolicy">
                            <psis:attributes>
                                <psis:attribute psis:name="notBefore">
                                    <psis:stringNodeValue>01/08/2005</psis:stringNodeValue>
                                </psis:attribute>
                                <psis:attribute psis:name="enabled">
                                    <psis:stringNodeValue>true</psis:stringNodeValue>
                                </psis:attribute>
                                <psis:attribute psis:name="pid">
                                    <psis:stringNodeValue>8</psis:stringNodeValue>
                                </psis:attribute>
                                <psis:attribute psis:name="name">
                                    <psis:stringNodeValue>ArchivalPolicy</psis:stringNodeValue>
                                </psis:attribute>
                                <psis:attribute psis:name="stampFrequency">
                                    <psis:stringNodeValue>36000</psis:stringNodeValue>
                                </psis:attribute>
                                <psis:attribute psis:name="retentionPeriod">
                                    <psis:stringNodeValue>P3Y6M10D</psis:stringNodeValue>
                                </psis:attribute>
                                <psis:attribute psis:name="notAfter">
                                    <psis:stringNodeValue>3/08/2005</psis:stringNodeValue>
                                </psis:attribute>
                                <psis:attribute psis:name="creationDate">
                                    <psis:stringNodeValue>01/08/2005</psis:stringNodeValue>
                                </psis:attribute>
                                <psis:attribute psis:name="algorithm">
                                    <psis:stringNodeValue>SHA1</psis:stringNodeValue>
                                </psis:attribute>
                                <psis:attribute psis:name="evictionMethod">
                                    <psis:stringNodeValue>Preserve</psis:stringNodeValue>
                                </psis:attribute>
                                <psis:attribute psis:name="timestampType">
                                    <psis:stringNodeValue>XML</psis:stringNodeValue>
                                </psis:attribute>
                                <psis:attribute psis:name="stampCryptographicMesure">
                                    <psis:stringNodeValue>TIMESTAMP</psis:stringNodeValue>
                                </psis:attribute>
                            </psis:attributes>
                        </psis:child>
                        <psis:child psis:name="ArchivalPolicy">
                            <psis:attributes>
                                <psis:attribute psis:name="notAfter">
                                    <psis:stringNodeValue>31/08/2005</psis:stringNodeValue>
                                </psis:attribute>
                                <psis:attribute psis:name="evictionMethod">
                                    <psis:stringNodeValue>Preserve</psis:stringNodeValue>
                                </psis:attribute>
                                <psis:attribute psis:name="algorithm">
                                    <psis:stringNodeValue>SHA1</psis:stringNodeValue>
                                </psis:attribute>
                                <psis:attribute psis:name="timestampType">
                                    <psis:stringNodeValue>XML</psis:stringNodeValue>
                                </psis:attribute>
                                <psis:attribute psis:name="pid">
                                    <psis:stringNodeValue>9</psis:stringNodeValue>
                                </psis:attribute>
                                <psis:attribute psis:name="creationDate">
                                    <psis:stringNodeValue>01/08/2005</psis:stringNodeValue>
                                </psis:attribute>
                                <psis:attribute psis:name="stampCryptographicMesure">
                                    <psis:stringNodeValue>TIMESTAMP</psis:stringNodeValue>
                                </psis:attribute>
                                <psis:attribute psis:name="name">
                                    <psis:stringNodeValue>ArchivalPolicy</psis:stringNodeValue>
                                </psis:attribute>
                                <psis:attribute psis:name="enabled">
                                    <psis:stringNodeValue>false</psis:stringNodeValue>
                                </psis:attribute>
                                <psis:attribute psis:name="stampFrequency">
                                    <psis:stringNodeValue>36000</psis:stringNodeValue>
                                </psis:attribute>
                                <psis:attribute psis:name="notBefore">
                                    <psis:stringNodeValue>01/08/2005</psis:stringNodeValue>
                                </psis:attribute>
                                <psis:attribute psis:name="retentionPeriod">
                                    <psis:stringNodeValue>P3Y6M10D</psis:stringNodeValue>
                                </psis:attribute>
                            </psis:attributes>
                        </psis:child>
                        <psis:child psis:name="ArchivalPolicy">
                            <psis:attributes>
                                <psis:attribute psis:name="retentionPeriod">
                                    <psis:stringNodeValue>P3Y6M10D</psis:stringNodeValue>
                                </psis:attribute>
                                <psis:attribute psis:name="enabled">
                                    <psis:stringNodeValue>true</psis:stringNodeValue>
                                </psis:attribute>
                                <psis:attribute psis:name="stampFrequency">
                                    <psis:stringNodeValue>36000</psis:stringNodeValue>
                                </psis:attribute>
                                <psis:attribute psis:name="creationDate">
                                    <psis:stringNodeValue>01/08/2005</psis:stringNodeValue>
                                </psis:attribute>
                                <psis:attribute psis:name="pid">
                                    <psis:stringNodeValue>10</psis:stringNodeValue>
                                </psis:attribute>
                                <psis:attribute psis:name="name">
                                    <psis:stringNodeValue>ArchivalPolicy</psis:stringNodeValue>
                                </psis:attribute>
                                <psis:attribute psis:name="notBefore">
                                    <psis:stringNodeValue>01/08/2005</psis:stringNodeValue>
                                </psis:attribute>
                                <psis:attribute psis:name="timestampType">
                                    <psis:stringNodeValue>XML</psis:stringNodeValue>
                                </psis:attribute>
                                <psis:attribute psis:name="stampCryptographicMesure">
                                    <psis:stringNodeValue>TIMESTAMP</psis:stringNodeValue>
                                </psis:attribute>
                                <psis:attribute psis:name="notAfter">
                                    <psis:stringNodeValue>31/08/2005</psis:stringNodeValue>
                                </psis:attribute>
                                <psis:attribute psis:name="evictionMethod">
                                    <psis:stringNodeValue>Preserve</psis:stringNodeValue>
                                </psis:attribute>
                                <psis:attribute psis:name="algorithm">
                                    <psis:stringNodeValue>SHA1</psis:stringNodeValue>
                                </psis:attribute>
                            </psis:attributes>
                        </psis:child>
                        <psis:child psis:name="ArchivalPolicy">
                            <psis:attributes>
                                <psis:attribute psis:name="name">
                                    <psis:stringNodeValue>ArchivalPolicy</psis:stringNodeValue>
                                </psis:attribute>
                                <psis:attribute psis:name="enabled">
                                    <psis:stringNodeValue>true</psis:stringNodeValue>
                                </psis:attribute>
                                <psis:attribute psis:name="retentionPeriod">
                                    <psis:stringNodeValue>P3Y6M10D</psis:stringNodeValue>
                                </psis:attribute>
                                <psis:attribute psis:name="pid">
                                    <psis:stringNodeValue>11</psis:stringNodeValue>
                                </psis:attribute>
                                <psis:attribute psis:name="timestampType">
                                    <psis:stringNodeValue>XML</psis:stringNodeValue>
                                </psis:attribute>
                                <psis:attribute psis:name="stampFrequency">
                                    <psis:stringNodeValue>36000</psis:stringNodeValue>
                                </psis:attribute>
                                <psis:attribute psis:name="notAfter">
                                    <psis:stringNodeValue>31/08/2005</psis:stringNodeValue>
                                </psis:attribute>
                                <psis:attribute psis:name="creationDate">
                                    <psis:stringNodeValue>01/08/2005</psis:stringNodeValue>
                                </psis:attribute>
                                <psis:attribute psis:name="notBefore">
                                    <psis:stringNodeValue>01/08/2005</psis:stringNodeValue>
                                </psis:attribute>
                                <psis:attribute psis:name="evictionMethod">
                                    <psis:stringNodeValue>Preserve</psis:stringNodeValue>
                                </psis:attribute>
                                <psis:attribute psis:name="algorithm">
                                    <psis:stringNodeValue>SHA1</psis:stringNodeValue>
                                </psis:attribute>
                                <psis:attribute psis:name="stampCryptographicMesure">
                                    <psis:stringNodeValue>TIMESTAMP</psis:stringNodeValue>
                                </psis:attribute>
                            </psis:attributes>
                        </psis:child>
                        <psis:child psis:name="ArchivalPolicy">
                            <psis:attributes>
                                <psis:attribute psis:name="retentionPeriod">
                                    <psis:stringNodeValue>P3Y6M10D</psis:stringNodeValue>
                                </psis:attribute>
                                <psis:attribute psis:name="pid">
                                    <psis:stringNodeValue>12</psis:stringNodeValue>
                                </psis:attribute>
                                <psis:attribute psis:name="enabled">
                                    <psis:stringNodeValue>true</psis:stringNodeValue>
                                </psis:attribute>
                                <psis:attribute psis:name="creationDate">
                                    <psis:stringNodeValue>01/08/2005</psis:stringNodeValue>
                                </psis:attribute>
                                <psis:attribute psis:name="algorithm">
                                    <psis:stringNodeValue>SHA1</psis:stringNodeValue>
                                </psis:attribute>
                                <psis:attribute psis:name="evictionMethod">
                                    <psis:stringNodeValue>Preserve</psis:stringNodeValue>
                                </psis:attribute>
                                <psis:attribute psis:name="notAfter">
                                    <psis:stringNodeValue>31/12/2008</psis:stringNodeValue>
                                </psis:attribute>
                                <psis:attribute psis:name="stampCryptographicMesure">
                                    <psis:stringNodeValue>TIMESTAMP</psis:stringNodeValue>
                                </psis:attribute>
                                <psis:attribute psis:name="stampFrequency">
                                    <psis:stringNodeValue>36000</psis:stringNodeValue>
                                </psis:attribute>
                                <psis:attribute psis:name="timestampType">
                                    <psis:stringNodeValue>XML</psis:stringNodeValue>
                                </psis:attribute>
                                <psis:attribute psis:name="notBefore">
                                    <psis:stringNodeValue>01/08/2005</psis:stringNodeValue>
                                </psis:attribute>
                                <psis:attribute psis:name="name">
                                    <psis:stringNodeValue>ArchivalPolicy</psis:stringNodeValue>
                                </psis:attribute>
                            </psis:attributes>
                        </psis:child>
                        <psis:child psis:name="ArchivalPolicy">
                            <psis:attributes>
                                <psis:attribute psis:name="timestampType">
                                    <psis:stringNodeValue>XML</psis:stringNodeValue>
                                </psis:attribute>
                                <psis:attribute psis:name="enabled">
                                    <psis:stringNodeValue>true</psis:stringNodeValue>
                                </psis:attribute>
                                <psis:attribute psis:name="name">
                                    <psis:stringNodeValue>ArchivalPolicy</psis:stringNodeValue>
                                </psis:attribute>
                                <psis:attribute psis:name="algorithm">
                                    <psis:stringNodeValue>SHA1</psis:stringNodeValue>
                                </psis:attribute>
                                <psis:attribute psis:name="evictionMethod">
                                    <psis:stringNodeValue>Preserve</psis:stringNodeValue>
                                </psis:attribute>
                                <psis:attribute psis:name="stampFrequency">
                                    <psis:stringNodeValue>30000</psis:stringNodeValue>
                                </psis:attribute>
                                <psis:attribute psis:name="notAfter">
                                    <psis:stringNodeValue>31/08/2008</psis:stringNodeValue>
                                </psis:attribute>
                                <psis:attribute psis:name="stampCryptographicMesure">
                                    <psis:stringNodeValue>TIMESTAMP</psis:stringNodeValue>
                                </psis:attribute>
                                <psis:attribute psis:name="retentionPeriod">
                                    <psis:stringNodeValue>P3Y6M10D</psis:stringNodeValue>
                                </psis:attribute>
                                <psis:attribute psis:name="notBefore">
                                    <psis:stringNodeValue>01/08/2005</psis:stringNodeValue>
                                </psis:attribute>
                                <psis:attribute psis:name="creationDate">
                                    <psis:stringNodeValue>01/08/2005</psis:stringNodeValue>
                                </psis:attribute>
                                <psis:attribute psis:name="pid">
                                    <psis:stringNodeValue>15</psis:stringNodeValue>
                                </psis:attribute>
                            </psis:attributes>
                        </psis:child>
                    </psis:children>
                </psis:config>
            </psis:serviceConfig>
        </psis:servicesConfig>
    </psis:productConfig>
</psis:configDescriptor>
