<?xml version="1.0" encoding="UTF-8"?>
<!-- Define the compound service used to perform massive dss tasks-->
<psis:productDescriptor xmlns:psis="xmlbeans://console.psis/descriptors" 
    xmlns:xsi="http://www.w3.org/2001/XMLSchema-instance" 
    xsi:schemaLocation="xmlbeans://console.psis/descriptors ../xsd/ProductDescriptor.xsd">
    <psis:productData>
        <psis:name>Compound</psis:name>
        <psis:release>atlantis</psis:release>
    </psis:productData>
    <!--Defines compound service's dependencies-->
    <psis:serviceDependencies>
        <psis:serviceDependency psis:type="psis.service:structuredmessage"/>
        <psis:serviceDependency psis:type="psis.service:scheduler"/>
        <psis:serviceDependency psis:type="psis.service:orm"/>
    </psis:serviceDependencies>
    <psis:productServices>
        <psis:productService psis:binding="messagelistener.atlantis.dss.compound:service" psis:name="MessageListenerServiceDSSCompound"/>
    </psis:productServices>
</psis:productDescriptor>
        
