<psis:productDescriptor xmlns:psis="xmlbeans://console.psis/descriptors" 
    xmlns:xsi="http://www.w3.org/2001/XMLSchema-instance" 
    xsi:schemaLocation="xmlbeans://console.psis/descriptors ../xsd/ProductDescriptor.xsd">
    <!--Defines Validation authority PSIS product-->
    <psis:productData>
        <psis:name>ValidationAuthority</psis:name>
        <psis:release>atlantis</psis:release>
    </psis:productData>
    <psis:serviceDependencies>
        <psis:serviceDependency psis:type="psis.service:keyresolution"/>
        <psis:serviceDependency psis:type="psis.service:time"/>
        <psis:serviceDependency psis:type="psis.service:algorithmparameters"/>
        <psis:serviceDependency psis:type="psis.service:structuredmessage"/>	
        <psis:serviceDependency psis:type="psis.service:dbcertstore"/>
        <psis:serviceDependency psis:type="psis.service:messagedigest"/>
        <psis:serviceDependency psis:type="psis.service:messagedigester"/>
        <psis:serviceDependency psis:type="psis.service:orm"/>
        <psis:serviceDependency psis:type="psis.service:signatureverifier"/>
        <psis:serviceDependency psis:type="psis.service:keyresolution"/>
        <psis:serviceDependency psis:type="psis.service:dbcertstore"/>
        <psis:serviceDependency psis:type="psis.service:communication"/>
        <psis:serviceDependency psis:type="psis.service:communication"/>
        <psis:serviceDependency psis:type="psis.service:keyresolution"/>
        <psis:serviceDependency psis:type="psis.service:resourceresolver"/>
        <psis:serviceDependency psis:type="psis.service:signatureattributevalidation"/>
        <psis:serviceDependency psis:type="psis.service:signatureattributecreation"/>
        <psis:serviceDependency psis:type="psis.service:signaturebuilder"/>
        <psis:serviceDependency psis:type="psis.service:scriptexecution"/>
        <psis:serviceDependency psis:type="psis.service:sigpolicymanagement"/>
        <psis:serviceDependency psis:type="psis.service:constraintmanagement"/>
        <psis:serviceDependency psis:type="psis.service:constraintmatching"/>
        <psis:serviceDependency psis:type="psis.service:identitymanagement"/>
        <psis:serviceDependency psis:type="psis.service:bindingmanagement"/>   
    </psis:serviceDependencies>
    <psis:productServices>
        <psis:productService psis:binding="certificatevalidation.atlantis:service" psis:name="CertificateValidationService"/>
        <psis:productService psis:binding="configurationcertstore.atlantis:service" psis:name="ConfigurationCertStoreService"/>
        <psis:productService psis:binding="revocationstatus.atlantis:service" psis:name="RevocationStatusService"/>	
        <psis:productService psis:binding="pduvalidation.cms.atlantis:service" psis:name="SignaturePDUValidationService.cms"/>
        <psis:productService psis:binding="pduvalidation.xmldsig.atlantis:service" psis:name="SignaturePDUValidationService.xml"/>
        <psis:productService psis:binding="timestamppduvalidation.cms.atlantis:service" psis:name="CMSTimestampPDUValidationService"/>
        <psis:productService psis:binding="timestamppduvalidation.xml.atlantis:service" psis:name="XMLTimestampPDUValidationService"/>
		<psis:productService psis:binding="documentvalidation.atlantis:service" psis:name="DocumentValidationService"/>
        <psis:productService psis:binding="signaturevalidation.atlantis:service" psis:name="SignatureValidationService"/>
		<psis:productService psis:binding="attributecertificatevalidation.atlantis:service" psis:name="AttributeCertificateValidationService"/>
		<psis:productService psis:binding="configurationcertstore.atlantis:service" psis:name="ConfigurationAttributeAuthorityCertStoreService"/>
		<psis:productService psis:binding="external.certificatevalidation.atlantis:service" psis:name="ExternalCertificateValidationService"/>
    </psis:productServices>
</psis:productDescriptor>

