<?xml version="1.0" encoding="UTF-8"?>
<!-- 06/08/09 Incidencia 128: Canvi del serviceEntity per produccio -->
<!-- 18/01/10 Canviat el identificador del P12 de PSIS CATCert (ID-174) -->
<!-- 07/01/14 Canviat l'identificador del CDA de PSIS (ID-992) -->
<psis:configDescriptor xmlns:psis="xmlbeans://console.psis/descriptors"
    xmlns:xsi="http://www.w3.org/2001/XMLSchema-instance"
    xsi:schemaLocation="xmlbeans://console.psis/descriptors ../xsd/ConfigDescriptor.xsd">
    <psis:productConfig psis:targetName="GatewayVA" psis:targetRelease="atlantis">
        <psis:servicesConfig>
            <psis:serviceConfig psis:target="MessageListenerServiceVA">
                <psis:config psis:name="Config">
                  <psis:attributes>
                    <psis:attribute psis:name="CertStoreService">
                      <psis:serviceIdNodeValue>CertStoreService</psis:serviceIdNodeValue>
                    </psis:attribute>
                    <psis:attribute psis:name="StructuredMessageService">
                      <psis:serviceIdNodeValue>StructuredMessageService</psis:serviceIdNodeValue>
                    </psis:attribute>
                    <psis:attribute psis:name="KeyResolutionService">
                      <psis:serviceIdNodeValue>KeyResolutionService</psis:serviceIdNodeValue>
                    </psis:attribute>
                    <psis:attribute psis:name="digestAlgorithm">
                      <psis:stringNodeValue>1.3.14.3.2.26</psis:stringNodeValue>
                    </psis:attribute>
                    <psis:attribute psis:name="SignatureBuilderService">
                      <psis:serviceIdNodeValue>SignatureBuilderService</psis:serviceIdNodeValue>
                    </psis:attribute>
                    <psis:attribute psis:name="SignatureValidationService">
                      <psis:serviceIdNodeValue>SignatureValidationService</psis:serviceIdNodeValue>
                    </psis:attribute>
                    <psis:attribute psis:name="serviceEntity">
                      <psis:stringNodeValue>CN=Servei de Validacio,OU=Area de Tecnologia,OU=Vegeu https://www.aoc.cat/CATCert/Regulacio,O=Consorci Administraci\C3\B3 Oberta de Catalunya,C=ES</psis:stringNodeValue>
                    </psis:attribute>
                    <psis:attribute psis:name="ScriptExecutionService">
                      <psis:serviceIdNodeValue>ScriptExecutionService</psis:serviceIdNodeValue>
                    </psis:attribute>
                    <psis:attribute psis:name="CertificateRegistryService">
                      <psis:serviceIdNodeValue>CertificateRegistryServiceGW</psis:serviceIdNodeValue>
                    </psis:attribute>
                   </psis:attributes>
                </psis:config>
              </psis:serviceConfig>
        </psis:servicesConfig>
    </psis:productConfig>
</psis:configDescriptor>
