<?xml version="1.0" encoding="UTF-8"?>
<!--Defines TSA PSIS product-->
<psis:productDescriptor xmlns:psis="xmlbeans://console.psis/descriptors" 
    xmlns:xsi="http://www.w3.org/2001/XMLSchema-instance" 
    xsi:schemaLocation="xmlbeans://console.psis/descriptors ../xsd/ProductDescriptor.xsd">
    <psis:productData>
        <psis:name>TSA</psis:name>
        <psis:release>atlantis</psis:release>
    </psis:productData>
    <!--Defines TSA service's dependencies-->
    <psis:serviceDependencies>
        <psis:serviceDependency psis:type="psis.service:signaturecreation"/>
        <psis:serviceDependency psis:type="psis.service:beanfactory"/>
        <psis:serviceDependency psis:type="psis.service:structuredmessage"/>
    </psis:serviceDependencies>
    <psis:productServices>
        <psis:productService psis:binding="messagelistener.atlantis.tsp:service" psis:name="MessageListenerServiceTSP"/>
    </psis:productServices>
</psis:productDescriptor>
