<?xml version="1.0" encoding="UTF-8"?>
<!--Defines KeyManagement PSIS product-->
<psis:productDescriptor xmlns:psis="xmlbeans://console.psis/descriptors" 
    xmlns:xsi="http://www.w3.org/2001/XMLSchema-instance" 
    xsi:schemaLocation="xmlbeans://console.psis/descriptors ../xsd/ProductDescriptor.xsd">
    <psis:productData>
        <psis:name>KeyManagement</psis:name>
        <psis:release>atlantis</psis:release>
    </psis:productData>
    <psis:serviceDependencies> 
        <psis:serviceDependency psis:type="psis.service:keygenerator"/>
        <psis:serviceDependency psis:type="psis.service:keystore"/>
        <psis:serviceDependency psis:type="psis.service:keypairgenerator"/>
        <psis:serviceDependency psis:type="psis.service:orm"/>
        <psis:serviceDependency psis:type="psis.service:time"/>
        <psis:serviceDependency psis:type="psis.service:messagedigest"/>
        <psis:serviceDependency psis:type="psis.service:securerandom"/>
    </psis:serviceDependencies>
    <psis:productServices>
        <psis:productService psis:binding="keymanagement.atlantis:service" psis:name="KeyManagementService"/>
    </psis:productServices>
</psis:productDescriptor>